"","paper.id","study.design","data.start","data.end","mpa.name","country","year.established","mpa.zones.studied","out.min.depth.sampled","out.max.depth.sampled","out.area.size","out.main.fisheries.sectors.operating","out.fishing.intensity","out.fisheries.management.in.place","comments","n.samples","id.sub","reserve.name","size","min.depth.sampled","max.depth.sampled","habitats","enforcement","zone","rules","network","bioregion","management.design","spillover.quantified","distance.quantified","habitat.adjusted","true.counterfactual"
"1",2,"IC",2010,2011,"pupukea marine life conservation district","United States of America",1983,"NTZ","0","15","0","Commercial","High","Gear restrictions","Does not specify whether the fishing effort they observed was commercial or recreational.","80",1,"Pupukea Marine Life Conservation District",0.71,"0","15","Coral","Some poaching occurs","ntz","no extractive activity","no","tropical","government","no","no","Yes","No"
"2",8,"IC",2008,2009,"apo island protected landscape and seascape","Philippines",1985,"NTZ","7","10",NA,"Commercial, Artisanal/Subsistence","High","Unknown","Not clear what kind of fishing is occurring - might be commercial or subsistence","9",1,"Apo Island Protected Landscape And Seascape",0.15,"7","10","Coral","Well enforced","ntz","no extractive activity","no","tropical","government","no","yes","Yes","No"
"3",8,"IC",2008,2009,"balicasag island fish sanctuary","Philippines",1984,"NTZ","7","10",NA,"Commercial, Artisanal/Subsistence","High","Unknown","","9",2,"Balicasag Island Fish Sanctuary",0.054,"7","10","Coral","Well enforced","ntz","no extractive activity","no","tropical","government","no","yes","Yes","No"
"4",8,"IC",2008,2009,"sumilon island marine reserve","Philippines",1974,"NTZ","7","10",NA,"Commercial, Artisanal/Subsistence","High","Unknown","This NTZ had management breakdowns in 1980-1984 and 1994 resulting in heavy exploitation and habitat degradation","9",3,"Sumilon Island Marine Reserve",0.375,"7","10","Coral","Well enforced","ntz","no extractive activity","yes","tropical","co-management","no","yes","Yes","No"
"5",34,"BACI",1980,2001,"apo island protected landscape and seascape","Philippines",1982,"NTZ","9","17",NA,"Artisanal/Subsistence","Medium","Unknown","Has additional time series data but it doesn't necessarily show spillover. Legal framework for MPA not introduced until 1985 but community have enforced it since 1982. Fished by about 200 people during the study period. Biomass is for Acanthuridae and Carangidae as they constitute 40-75% of total fish yield from the island.","12",1,"Apo Island Protected Landscape And Seascape",0.15,"6","17","Coral","Well enforced","ntz","no extractive activity","no","tropical","government","no","yes","No","No"
"6",35,"BACI",1998,2020,"marine life protection act reserve network","United States of America",2012,"NTZ","3","170","na","Commercial","Medium","Bag or boat limit, Size limits, Gear restrictions","137km^2 is the overall area of the NTZ network. the authors estimated that the establishment of this network reduced available fishing grounds by 10%. ","34",1,"Marine Life Protection Act Reserve Network",137,"3","170","rocky reef","Well enforced","ntz","no extractive activity","yes","subtropical","government","no","no","Yes","Yes"
"7",57,"IC",2005,2006,"tabarca marine reserve","Spain",1986,"NTZ, PPG, PPO","5","10",NA,"Artisanal/Subsistence","High","Unknown","Sampled along continuous habitat bands of P. oceanica meadows and rocky substrate across the boundaries of the MPA. Also repeated the sampling across two time points (2005 and 2006). All depths are approximate and read from a map of the study site.","252",1,"Tabarca Marine Reserve",1,"10","10","Seagrass, Rocky substrate","Well enforced","ntz","no extractive activity","yes","subtropical","government","no","no","Yes","No"
"8",57,"IC",2005,2006,"tabarca marine reserve","Spain",1986,"NTZ, PPG, PPO","5","10",NA,"Artisanal/Subsistence","High","Unknown","Sampled along continuous habitat bands of P. oceanica meadows and rocky substrate across the boundaries of the MPA. Also repeated the sampling across two time points (2005 and 2006). All depths are approximate and read from a map of the study site.","252",2,"Tabarca Marine Reserve",6.3,"5","10","Seagrass, Rocky Substrate","Well enforced","ppo","Unknown","yes","subtropical","government","no","no","Yes","No"
"9",57,"IC",2005,2006,"tabarca marine reserve","Spain",1986,"NTZ, PPG, PPO","5","10",NA,"Artisanal/Subsistence","High","Unknown","Sampled along continuous habitat bands of P. oceanica meadows and rocky substrate across the boundaries of the MPA. Also repeated the sampling across two time points (2005 and 2006). All depths are approximate and read from a map of the study site.","252",3,"Tabarca Marine Reserve",6.7,"5","10","Seagrass, Rocky Substrate","Well enforced","ppc","A number of activities are permitted (selective fishing techniques, swimming, SCUBA diving, mooring of yachts)","yes","subtropical","government","no","no","Yes","No"
"10",72,"IC",2003,2004,"cerbère-banyuls marine reserve","France",1974,"NTZ, PPG","6","12",NA,"Recreational, Commercial","High","Unknown","Area of NTZ is for whole MPA not for the individual zones","162",1,"Cerbère-banyuls Marine Reserve",0.65,"6","12","Rocky","Well enforced","ntz","no extractive activity","no","subtropical","government","yes","yes","Yes","No"
"11",72,"IC",2003,2004,"cerbère-banyuls marine reserve","France",1974,"NTZ, PPG","6","12",NA,"Recreational, Commercial","High","Unknown","Area of NTZ is for whole MPA not for the individual zones","162",2,"Cerbère-banyuls Marine Reserve",4.18,"6","12","Rocky","Well enforced","ppc",NA,"no","subtropical","government","yes","yes","Yes","No"
"12",72,"IC",2003,2004,"cabo de palos marine reserve","Spain",1995,"NTZ, PPG","6","12",NA,"Recreational, Commercial","High","Unknown","Area is for whole of MPA including NTZ and PPG (buffer zone)","162",3,"Cabo De Palos Marine Reserve",2.7,"6","12","Rocky","Some poaching occurs","ntz","no extractive activity","yes","subtropical","government","yes","yes","Yes","No"
"13",72,"IC",2003,2004,"cabo de palos marine reserve","Spain",1995,"NTZ, PPG","6","12",NA,"Recreational, Commercial","High","Unknown","Area is for whole of MPA including NTZ and PPG (buffer zone)","162",4,"Cabo De Palos Marine Reserve",16.28,"6","12","Rocky","Some poaching occurs","ppc",NA,"yes","subtropical","government","yes","yes","Yes","No"
"14",72,"IC",2003,2004,"cabrera marine reserve","Spain",1991,"NTZ, PPG","6","12",NA,"Recreational, Commercial","High","Unknown","Area is for whole MPA including NTZ and PPG (buffer zone)","252",5,"Cabrera Marine Reserve",2.34,"6","12","Rocky","Some poaching occurs","ntz","no extractive activity","yes","subtropical","government","yes","yes","Yes","No"
"15",72,"IC",2003,2004,"cabrera marine reserve","Spain",1991,"NTZ, PPG","6","12",NA,"Recreational, Commercial","High","Unknown","Area is for whole MPA including NTZ and PPG (buffer zone)","252",6,"Cabrera Marine Reserve",84.66,"6","12","Rocky","Some poaching occurs","ppc",NA,"yes","subtropical","government","yes","yes","Yes","No"
"16",72,"IC",2003,2004,"carry-le-rouet marine reserve","France",1983,"NTZ","6","12",NA,"Recreational, Commercial","High","Unknown","This MPA only has a NTZ","162",7,"Carry-Le-Rouet Marine Reserve",0.85,"6","12","Rocky","Well enforced","ntz","no extractive activity","yes","subtropical","government","yes","yes","Yes","No"
"17",72,"IC",2003,2004,"medes islands marine reserve","Spain",1983,"NTZ, PPG","6","12",NA,"Recreational, Commercial","High","Unknown","Area is for whole MPA including NTZ and PPG (buffer zone)","126",8,"Medes Islands Marine Reserve",0.93,"6","12","Rocky","Well enforced","ntz","no extractive activity","yes","subtropical","government","yes","yes","Yes","No"
"18",72,"IC",2003,2004,"medes islands marine reserve","Spain",1983,"NTZ, PPG","6","12",NA,"Recreational, Commercial","High","Unknown","Area is for whole MPA including NTZ and PPG (buffer zone)","126",9,"Medes Islands Marine Reserve",4.18,"6","12","Rocky","Well enforced","ppc",NA,"yes","subtropical","government","yes","yes","Yes","No"
"19",72,"IC",2003,2004,"tabarca marine reserve","Spain",1986,"NTZ, PPG, PPO","6","12",NA,"Recreational, Commercial","High","Unknown","Area is for whole MPA including NTZ and PPG (buffer zone)","152",10,"Tabarca Marine Reserve",1,"6","12","Seagrass, Rocky","Well enforced","ntz","no extractive activity","yes","subtropical","government","yes","yes","Yes","No"
"20",72,"IC",2003,2004,"tabarca marine reserve","Spain",1986,"NTZ, PPG, PPO","6","12",NA,"Recreational, Commercial","High","Unknown","Area is for whole MPA including NTZ and PPG (buffer zone)","152",11,"Tabarca Marine Reserve",6.3,"6","12","Seagrass, Rocky","Well enforced","ppo",NA,"yes","subtropical","government","yes","yes","Yes","No"
"21",93,"IC",2001,2003,"george's bank closed area 1","United States of America",1994,"PPG","100","1000","48626.88","Commercial","High","Gear restrictions","All depths and areas are very approximate as they have been inferred from maps/calculations from the text","1812",1,"George's Bank Closed Area 1",10900,"100","1000","Unknown","Well enforced","ppg","Closed to all fishing gears capable of retaining groundfish","yes","temperate","government","no","yes","No","Yes"
"22",93,"IC",2001,2003,"george's bank closed area 2","United States of America",1994,"PPG","100","1000","48626.88","Commercial","High","Gear restrictions","All depths and area sizes are approximate","1290",2,"George's Bank Closed Area 2",6927,"100","1000","Unknown","Well enforced","ppg","Closed to all fishing gear capable of retaining groundfish","yes","temperate","government","no","yes","No","Yes"
"23",93,"IC",2001,2003,"nantucket lightship area","United States of America",1994,"PPG","100","1000","48626.88","Commercial","High","Gear restrictions","Areas and sizes are all very approximate, number of samples is the number of samples used in the regressions reported in the results","745",3,"Nantucket Lightship Area",6275,"100","100","Unknown","Well enforced","ppg","Closed to all fishing gear capable of retaining groundfish","yes","temperate","government","no","yes","No","Yes"
"24",93,"IC",2001,2003,"western gulf of maine closed area","United States of America",1996,"PPG","100","1000","48626.88","Commercial","High","Gear restrictions","All areas and depths are approximate, sample size is the number of samples included in the regression presented in the results ","455",4,"Western Gulf Of Maine Closed Area",3025,"100","1000","Unkown","Well enforced","ppg","Can only use lobster traps, midwater trawls and some limited dredge fishing for scallops","yes","temperate","government","no","yes","No","Yes"
"25",93,"IC",2001,2003,"cashes ledge","United States of America",1998,"PPG","100","1000","48626.88","Commercial","High","Gear restrictions","All area and depth values are approximate, number of samples is the samples used in the linear regression presented in the results","549",5,"Cashes Ledge",2340,"100","100","Unkown","Well enforced","ppg","The only allowable gears are lobster traps, midwater trawls and some limited dredge fishing for scallops","yes","temperate","government","no","yes","No","Yes"
"26",93,"IC",2001,2003,"multiple mpas","United States of America",1998,"PPG","100","1000","48626.88","Commercial","High","Gear restrictions","All area and depth values are approximate, number of samples is the samples used in the linear regression presented in the results","549",5,NA,2340,"100","100","Unkown","Well enforced","ppg","The only allowable gears are lobster traps, midwater trawls and some limited dredge fishing for scallops",NA,"temperate","government","no","yes","No","Yes"
"27",118,"BACI",2010,2019,"papahānaumokuākea marine national monument","United States of America",2016,"NTZ","4000","4000",NA,"Commercial","High","Max. number of permits, hook depth regulations","Fished area of the study was a 600 nmi buffer around the monument ","38832 fishing sets",1,"Papahānaumokuākea Marine National Monument",1510000,"4000","4000","Pelagic ","Well enforced","ntz","no extractive activity","no","tropical","government","yes","no",NA,"No"
"28",147,"IC",0,0,"admiral cockburn land and sea","Turks and Caicos Islands",1992,"PPG, PPO","3","15","na","Recreational, Commercial, Artisanal/Subsistence","High","no restrictions","Admiral Cockburn Land and Sea National Park (ACLSNP) is a PPG (shore angling only) this is the inside area. East Harbor Lobster and Conch Reserve has light fishng pressure, as does the the area north of ACLSNP. The area south of ACLSNP has high fishing pressure. All 12 sampling sites are divided into shallow (3-4m) and deep (approx. 15m) subsamples","12",1,"Admiral Cockburn Land And Sea",4,"3","15","Coral, Macroalgae, Seagrass, coraline algae, sand ","Some poaching occurs","ppg","Shore fishing only","no","tropical","government","no","no","No","No"
"29",147,"IC",0,0,"admiral cockburn land and sea","Turks and Caicos Islands",1992,"PPG, PPO","3","15","na","Recreational, Commercial, Artisanal/Subsistence","High","no restrictions","Admiral Cockburn Land and Sea National Park (ACLSNP) is a PPG (shore angling only) this is the inside area. East Harbor Lobster and Conch Reserve has light fishng pressure, as does the the area north of ACLSNP. The area south of ACLSNP has high fishing pressure. All 12 sampling sites are divided into shallow (3-4m) and deep (approx. 15m) subsamples","12",2,"Admiral Cockburn Land And Sea",12,"3","15","Coral, Macroalgae, Seagrass, coraline algae, sand ","Some poaching occurs","ppo","No take of lobster and conch, no clear rules for scalefish","no","tropical","government","no","no","No","No"
"30",140,"IC",2000,2002,"dagal","Egypt",1995,"NTZ",NA,NA,"3000","Artisanal/Subsistence","High","Unknown","This is one of two NTZs studied, gives very little detail about the NTZs themselves","60",1,"Nabq Managed Resource Protected Area",NA,NA,NA,"Coral","Poorly enforced","ntz","no extractive activity","yes","tropical","government","no","no","No","No"
"31",140,"IC",2000,2002,"south el ghargana","Egypt",1995,"NTZ",NA,NA,"3000","Artisanal/Subsistence","High","Unknown","They separated their north and south of this NTZ in the results but only present the results in one direction for the other NTZ?","60",2,"Nabq Managed Resource Protected Area",NA,NA,NA,"Coral","Poorly enforced","ntz","no extractive activity","yes","tropical","government","no","no","No","No"
"32",176,"IC",2000,2014,"columbretes islands marine reserve","Spain",1990,"NTZ","60","100",NA,"Commercial","High","Size limits, Males/females/non-spawning individuals only, Spawning closures","","2671 fishing sets",1,"Columbretes Islands Marine Reserve",55,NA,"80","Unconsolidated sediment, Ma√´rl beds","Well enforced","ntz","no extractive activity","yes","subtropical","government",NA,NA,"No",NA
"33",192,"IC",2000,2009,"columbretes islands marine reserve","Spain",1990,"NTZ","50","100","189","Commercial","High","Size limits, Males/females/non-spawning individuals only, Spawning season closures","MPA was expanded from 44km2 to 55km2 in 2004. The size of the outside area represents the regional fishing grounds which were used in the equation for fractional egg production.","901 fishing sets",1,"Columbretes Islands Marine Reserve",44,NA,"80","Unconsolidated sediment, Ma√´rl Beds","Well enforced","ntz","no extractive activity","yes","subtropical","government",NA,NA,NA,NA
"34",244,"BACI",2005,2005,"jardines de la reina marine reserve","Cuba",1996,"PPO",NA,NA,NA,"Commercial, Recreational","Low","Unknown","Sampling was carried out in 8 zones each for 2 sites. One site was manipulated the other control site. The manipulated site (‚ÄúBG‚Äù) crossed the west boundary of the MPA and consisted of 4 zones inside and 4 zones outside the MPA.","2.254 tagged individuals",1,"Jardines De La Reina Marine Reserve",2.17,NA,NA,"Coral","Unknown","ppo","diving, tourism, gamefishing (catch and release) and lobster commercial fishing are allowed","no","tropical","government","yes","yes","Yes","Yes"
"35",209,"IC",1989,2009,"su pallosu no-take area","Italy",1997,"NTZ","-20","-100",NA,"Commercial","Low","Size limits, Seasonal closure","Can't really find much information about the NTZ. Seems to be a fully protected area but in some places in the Med you can't scuba dive inside them as well as not being able to fish?","276 fishing hauls",1,"Su Pallosu No-Take Area",4,"50","100","Coral, Unconsolidated sediment","Well enforced","ntz","no extractive activity","no","subtropical","government","no","yes","Yes","Yes"
"36",234,"BACI",1960,2020,"merritt island national wildlife refuge","United States of America",1963,"NTZ",NA,NA,NA,"Recreational, Artisanal/Subsistence","High","Unknown","Looked at sport fishing only here. The Merritt Island refuge is land and water based so I don't know how big the marine component is. Samples is an approximate read off a graph because they don't give sample size for the area specific analyses","~360",1,"Merritt Island National Wildlife Refuge",570,NA,NA,NA,"Well enforced","ntz","no extractive activity","yes","subtropical","government","no","no","No","Yes"
"37",234,"BACI",1960,2020,"marino ballena national park","Costa Rica",1992,"NTZ",NA,NA,NA,"Commercial, Recreational","High","Unknown","Looked at sport fishing only here. Samples is an approximate read off a graph because they don't give sample size for the area specific analyses","350",2,"Marino Ballena National Park",51.6,NA,NA,NA,"Poorly enforced","ntz","no extractive activity","yes","tropical","government","no","no","No","Yes"
"38",267,"BACI",1986,2014,"auckland islands marine reserve","New Zealand",1993,"NTZ","49","3183",NA,"Commercial","Medium","Unknown","This paper only deals with CPUE within 50km of the MPA so all the data is from ""outside"" but there were several MPAs mentioned so each of them has been entered separately","27592",1,"Auckland Islands Marine Reserve",1046,"-235","-1020",NA,"Well enforced","ntz","Commercial fishing was banned from 1993 within 12 nmi of the island, rec fishing was then banned from 2003 (but there was basically none prior to this)","no","temperate","government",NA,NA,"No","Yes"
"39",267,"BACI",1986,2014,"bounty islands benthic protected area","New Zealand",2007,"PPG",NA,NA,NA,"Commercial","Medium","Unknown","This paper only deals with CPUE within 50km of the MPA boundary","993",2,"Bounty Islands Benthic Protected Area",2274.75,"112","1157",NA,"Well enforced","ppg","Restricted bottom trawling and dredging","yes","temperate","government",NA,NA,"No","Yes"
"40",267,"BACI",1986,2014,"mid-chatham rise benthic protected area","New Zealand",2007,"PPG",NA,NA,NA,"Commercial","Medium","Unknown","This paper only deals with CPUE within 50km of the MPA so all the data is from ""outside"" but there were several MPAs mentioned so each of them has been entered separately","27688",3,"Mid-Chatham Rise Benthic Protected Area",9449.97,"235","1020","Unknown","Well enforced","ppg","Restricted bottom trawling and dredging","yes","temperate","government",NA,NA,"No","Yes"
"41",267,"BACI",1986,2014,"diamond head closed seamount area","New Zealand",2001,"PPG",NA,NA,NA,"Commercial","Medium","Unknown","","7799",4,"Diamond Head Closed Seamount Area",97.82,"428","2361","Unknown","Well enforced","ppg","Closed to. trawling","yes","temperate","government",NA,NA,"No","Yes"
"42",310,"IC",2002,2003,"tripcony bight reserve","Australia",1997,"NTZ, PPO","1","4","na","Recreational","High","Size limits, Males/females/non-spawning individuals only","Two protected areas suveyed within Moreton bay marine park, each with two associated control sites (near and far)","3",1,"Moreton Bay Marine Park",4.7,"1","4","Macroalgae, Seagrass, mangrove, mud","Well enforced","ntz","no extractive activity","yes","subtropical","government","no","no","Yes","Yes"
"43",310,"IC",2002,2003,"tripcony bight reserve","Australia",1997,"NTZ, PPO","1","4","na","Recreational","High","Size limits, Males/females/non-spawning individuals only","Two protected areas suveyed within Moreton bay marine park, each with two associated control sites (near and far)","3",2,"Moreton Bay Marine Park",4.7,"1","4","Macroalgae, Seagrass, mangroves, mud","Well enforced","ppo","Only recreational fishing permitted ","yes","subtropical","government","no","no","Yes","Yes"
"44",310,"IC",2002,2003,"willes island reserve","Australia",1997,"NTZ","1","4","na","Recreational, Commercial","High","Size limits, Males/females/non-spawning individuals only","Two protected areas suveyed within Moreton bay marine park, each with two associated control sites (near and far)","3",3,"Moreton Bay Marine Park",1.9,"1","4","Macroalgae, Seagrass, mangroves, mud","Well enforced","ntz","no extractive activity","yes","subtropical","government","no","no","Yes","Yes"
"45",346,"IC",1999,2002,"columbretes islands marine reserve","Spain",1990,"NTZ","60","100",NA,"Recreational, Commercial","High","Size limits, Males/females/non-spawning individuals only, Closed season","CIMR isn't fully NTZ - prohibits most types of fishing though","214 fishing sets",1,"Columbretes Islands Marine Reserve",44,NA,"80","Unconsolidated sediment, Ma√´rl","Well enforced","ntz","no extractive activity","yes","subtropical","government","no","yes","Yes","No"
"46",362,"IC",1992,2000,"castle rock marine protected area","South Africa",2000,"PPO",NA,"20",NA,"Recreational","High","Unknown","They surveyed spear fishers who were competitive and non-competitive and there's not a whole heap of information on which information went into the CPUE for the spillover results","1790",1,"Castle Rock Marine Protected Area",6,"0",">25",NA,"Some poaching occurs","ppo","Completely no take except for linefishing for Thyrsites atun","yes","subtropical","government","no","no","Yes","Yes"
"47",304,"IC",1983,2001,"apo island protected landscape and seascape","Philippines",1982,"NTZ","6","17","0.96","Traditional/Customary","Low","Gear restrictions","Biomass of Naso vlamingii was estimated annually from underwater visual censuses (UVC) conducted in six 50 √ó 20 m transects inside the Apo Island no-take reserve and six transects outside at a fished control site, resulting in approximately 228 replicate samples collected between 1983 and 2001. Catch per unit effort (CPUE) was derived from roving creel surveys of hook-and-line fishers in 2000‚Äì2001 across eight fishing grounds around the island, using recorded catch weight, fishing time, and location to estimate spatial variations in catch rate.","12 replicate transects per sampling event (each year, six inside and six outside the reserve) ",1,"Apo Island Protected Landscape And Seascape",0.15,"2","17","Coral","Well enforced","ntz","no extractive activity","no","tropical","government","no","no","Yes","Yes"
"48",406,"IC",1999,2006,"goukamma marine protected area","South Africa",1990,"PPO",NA,NA,NA,"Recreational","Medium","Unknown","Focused on continuous sandstone bench and sand-scoured sandstone patch sites which are present inside and outside the reserve. Not 100% sure about the number of samples, is hard to figure out from the text.","90",1,"Goukamma Marine Protected Area",40.2,NA,NA,"Rocky reef","Well enforced","ppo","Line fishing is permitted but taking of all rocky intertidal organisms is prohibited","no","subtropical","government","no","yes","Yes","Yes"
"49",406,"IC",1999,2006,"mapelane marine reserve","South Africa",1984,"PPS",NA,NA,NA,"Artisanal/Subsistence","High","Unknown","The area south of the reserve is an important subsistence area for Sokhulu community, again not sure about the sample number","100",2,"Mapelane Marine Reserve",96,NA,NA,"Rocky reef","Poorly enforced","ntz","no extractive activity","yes","subtropical","government","no","yes",NA,"Yes"
"50",406,"IC",1999,2006,"dwesa-cwebe marine protected area","South Africa",1975,"NTZ",NA,NA,NA,"Recreational, Traditional/Customary","High","Unknown","Pressure outside the reserve is increasing. Used previous estimates of biomass as proxy for larval production","Used existing literature",3,"Dwesa-Cwebe Marine Protected Area",193,NA,NA,"Rocky reef","Poorly enforced","ntz","no extractive activity","no","subtropical","government","no","yes",NA,"Yes"
"51",367,"IC",1983,2008,"apo island protected landscape and seascape","Philippines",1982,"NTZ","9","17",NA,"Traditional/Customary","Low","Gear restrictions","For this paper, 2 Study details sheets have been submitted because they looked at 2 MPAs","228",1,"Apo Island Protected Landscape And Seascape",0.15,"6","17","Coral","Well enforced","ntz","no extractive activity","no","tropical","government","no","yes","Yes","No"
"52",367,"IC",1983,2008,"sumilon island marine reserve","Philippines",1974,"NTZ","9","17",NA,"Traditional/Customary","High","Unknown","For this paper, 2 Study details sheets have been submitted because they looked at 2 MPAs","180",2,"Sumilon Island Marine Reserve",0.375,"3","17","Coral","Well enforced","ntz","no extractive activity","yes","tropical","co-management","no","yes","Yes","No"
"53",518,"IC",1997,2007,"columbretes islands marine reserve","Spain",1990,"NTZ","na","na","189","Commercial","High","Size limits, Males/females/non-spawning individuals only, 6 month closed season (Sep to Feb)","","729",1,"Columbretes Islands Marine Reserve",44,NA,NA,"rock, ma√´rl, gravel, sand, mud","Well enforced","ntz","no extractive activity","yes","subtropical","government","yes","no",NA,NA
"54",518,"IC",1997,2007,"columbretes islands marine reserve","Spain",1990,"NTZ","50","90",NA,"Commercial","High","Size limits, Males/females/non-spawning individuals only, 6 month spawning closure","Fishing data came from outside the reserve, lobster were tagged inside the reserve","477 fishing sets and 5334 tagged lobster",2,"Columbretes Islands Marine Reserve",44,NA,"80","Unconsolidated sediment, Ma√´rl beds","Well enforced","ntz","no extractive activity","yes","subtropical","government","yes","no",NA,"Yes"
"55",531,"BACI",2010,2016,"skagerrak marine protected area","Norway",2012,"PPG",NA,"35","52.4","Recreational, Commercial","High","Size limits, Gear restrictions, Males/females/non-spawning individuals only, Two month open season","","1757",1,"Skagerrak Marine Protected Area",4.9,NA,"35","Rocky reef","Well enforced","ppg","Hook-and-line-type fishing gear is allowed within the MPA","no","temperate","government","no","no","Yes","Yes"
"56",432,"IC",2006,2008,"santa barbara channel islands marine reserve network","United States of America",2003,"NTZ",NA,NA,NA,"Recreational, Commercial","Medium","Size limits, Gear restrictions, defined fishing season","Gulll, Scorpion and Carrington reserves are within the Santa Barber Channel Islands netowrk but results are presented jointly for all MPAs together","1955",1,"Santa Barbara Channel Islands Marine Reserve Network",NA,NA,NA,"Rocky reef","Well enforced","ntz","no extractive activity","yes","subtropical","government","no","no","Yes","Yes"
"57",592,"IC",2004,2005,"marine protected area of portofino","Italy",2001,"NTZ, PPG","4","7",NA,"Recreational, Artisanal/Subsistence","High","Unknown","The entire MPA covers about 346 ha and includes one small(10 ha) ‚Äúno entry-no take‚Äù area (A zone or integral reserve), two ‚Äúentry regulated-take regulated‚Äù zones (B) and two buffer zones (C)","288",1,"Marine Protected Area Of Portofino",0.1,"4","7","Macroalgae","Well enforced","ntz","no extractive activity","no","subtropical","government","no","yes","No","Yes"
"58",592,"IC",2004,2005,"marine protected area of portofino","Italy",2001,"NTZ, PPG","4","7",NA,"Recreational, Artisanal/Subsistence","High","Unknown","The entire MPA covers about 346 ha and includes one small(10 ha) ‚Äúno entry-no take‚Äù area (A zone or integral reserve), two ‚Äúentry regulated-take regulated‚Äù zones (B) and two buffer zones (C)","288",2,"Marine Protected Area Of Portofino",3.36,"4","7","Macroalgae","Well enforced","ppg","B zone ‚Äì ‚ÄúEntry regulated‚Äìtake regulated‚Äù: Local professional fishers may use trammels, gillnets, and traps; local licensed recreational fishers may use long line or trolling. Other gears (e.g. spearfishing) prohibited. C-zone: Local professional fishers may use trammels, gillnets, and traps; licensed recreational fishers (locals and non-locals) may use hook and line from shore. Other gears prohibited.","no","subtropical","government","no","yes","No","Yes"
"59",576,"IC",2004,2013,"great barrier reef marine park","Australia",2004,"NTZ",NA,NA,NA,"Recreational, Commercial","High","Bag or boat limit, Size limits, Gear restrictions","all ntz in GBRMP",NA,1,"Great Barrier Reef Marine Park",117000,NA,NA,"Coral, Seagrass, Unconsolidated sediment","Well enforced","ntz","no extractive activity","yes","tropical","government","yes","no",NA,NA
"60",598,"IC",2011,2013,"monkey bay","Australia",2004,"NTZ","na","na","na","Commercial, commercial aquarium harvest of both Amphiprion melanopus and its host anemone. The fishery is jointly regulated by Queensland's Department of Agriculture and Fisheries (DAF) and the Great Barrier Reef Marine Park Authority (GBRMPA).","High","Gear restrictions, limited entry licensing ","Monkey Bay","412",1,"Great Barrier Reef Marine Park",0.77,NA,NA,"Coral","Well enforced","ntz","no extractive activity","yes","tropical","government","yes","no",NA,NA
"61",598,"IC",2011,2013,"egg rock","Australia",2004,"NTZ","na","na","na","Commercial, commercial aquarium harvest of both Amphiprion melanopus and its host anemone. The fishery is jointly regulated by Queensland's Department of Agriculture and Fisheries (DAF) and the Great Barrier Reef Marine Park Authority (GBRMPA).","High","Gear restrictions, limited entry licensing ","Egg Rock","412",2,"Great Barrier Reef Marine Park",0.016,NA,NA,"Coral","Well enforced","ntz","no extractive activity","yes","tropical","government","yes","no",NA,NA
"62",598,"IC",2011,2013,"middle island","Australia",2004,"NTZ","na","na","na","Commercial, commercial aquarium harvest of both Amphiprion melanopus and its host anemone. The fishery is jointly regulated by Queensland's Department of Agriculture and Fisheries (DAF) and the Great Barrier Reef Marine Park Authority (GBRMPA).","High","Gear restrictions, limited entry licensing ","Middle Island","412",3,"Great Barrier Reef Marine Park",4.21,NA,NA,"Coral","Well enforced","ntz","no extractive activity","yes","tropical","government","yes","no",NA,NA
"63",598,"IC",2011,2013,"clam bay","Australia",2004,"NTZ","na","na","na","Commercial, commercial aquarium harvest of both Amphiprion melanopus and its host anemone. The fishery is jointly regulated by Queensland's Department of Agriculture and Fisheries (DAF) and the Great Barrier Reef Marine Park Authority (GBRMPA).","High","Gear restrictions, limited entry licensing ","Clam Bay","412",4,"Great Barrier Reef Marine Park",3.05,NA,NA,"Coral","Well enforced","ntz","no extractive activity","yes","tropical","government","yes","no",NA,NA
"64",598,"IC",2011,2013,"halfway island","Australia",2004,"NTZ","na","na","na","Commercial, commercial aquarium harvest of both Amphiprion melanopus and its host anemone. The fishery is jointly regulated by Queensland's Department of Agriculture and Fisheries (DAF) and the Great Barrier Reef Marine Park Authority (GBRMPA).","High","Gear restrictions, limited entry licensing ","Halfway Island","412",5,"Great Barrier Reef Marine Park",3.05,NA,NA,"Coral","Well enforced","ntz","no extractive activity","yes","tropical","government","yes","no",NA,NA
"65",598,"IC",2011,2013,"keppel islands","Australia",2004,"NTZ","na","na","na","Commercial, commercial aquarium harvest of both Amphiprion melanopus and its host anemone. The fishery is jointly regulated by Queensland's Department of Agriculture and Fisheries (DAF) and the Great Barrier Reef Marine Park Authority (GBRMPA).","High","Gear restrictions, limited entry licensing ","Egg Rock","412",2,"Great Barrier Reef Marine Park",0.016,NA,NA,"Coral","Well enforced","ntz","no extractive activity","yes","tropical","government","yes","no",NA,NA
"66",591,"BACI",2011,2015,"galápagos marine reserve","Ecuador",2002,"PPC",NA,NA,"1700000","Commercial","High","Unknown","Marine reserve was established in 1998 but not really enforced until 2002","664",1,"Galápagos Marine Reserve",133000,NA,NA,"Unknown","Well enforced","ppc","Artisanal fishing","no","tropical","government","no","no","No","Yes"
"67",772,"IC",1998,2006,"columbretes islands marine reserve","Spain",1990,"NTZ","50","100",NA,"Artisanal/Subsistence","Medium","Unknown","Recreational fishing was allowed prior to 2002 but prohibited thereafter; during most of the study period (2002‚Äì2006) the CIMR operated as a full no-take zone.
Overall fishing intensity in the wider area is low to moderate, but locally high at the MPA boundary due to effort concentration.","4888",1,"Columbretes Islands Marine Reserve",44,"25","80","Coral","Well enforced","ntz","no extractive activity","yes","subtropical","government","no","no","Yes","Yes"
"68",1113,"IC",2006,2007,"florida keys national marine sanctuary","United States of America",1990,"NTZ",NA,NA,NA,"Recreational, Commercial","High","Unknown","Western Sambo Conservation Area","1314",1,"Florida Keys National Marine Sanctuary",30.8,NA,NA,"Coral, Macroalgae, Seagrass, Unconsolidated sediment","Well enforced","ntz","no extractive activity","yes","subtropical","government","no","no",NA,NA
"69",1113,"IC",2006,2007,"florida keys national marine sanctuary","United States of America",1990,"NTZ","1","10",NA,"Recreational, Commercial","High","Unknown","Eastern Sambo Special Use Area (Research only)","1314",2,"Florida Keys National Marine Sanctuary",0.62,"1","10","Coral, Macroalgae, Seagrass, Unconsolidated sediment","Well enforced","ntz","no extractive activity","yes","subtropical","government","no","no",NA,NA
"70",1113,"IC",2006,2007,"florida keys national marine sanctuary","United States of America",1990,"NTZ","1","10",NA,"Recreational, Commercial","High","Unknown","Looe Key Sanctuary Preservation Area","1314",3,"Florida Keys National Marine Sanctuary",1.53,"1","10","Coral, Macroalgae, Seagrass, Unconsolidated sediment","Well enforced","ntz","no extractive activity","yes","subtropical","government","no","no",NA,NA
"71",1113,"IC",2006,2007,"florida keys national marine sanctuary","United States of America",1990,"NTZ","1","10",NA,"Recreational, Commercial","High","Unknown","Sand Key Sanctuary Preservation Area","1314",4,"Florida Keys National Marine Sanctuary",1.17,"1","10","Coral, Macroalgae, Seagrass, Unconsolidated sediment","Well enforced","ntz","no extractive activity","yes","subtropical","government","no","no",NA,NA
"72",804,"IC",2002,2002,"nabq managed resource protected area","Egypt",1995,"NTZ, PPS","1","10","0.42","Artisanal/Subsistence, Traditional/Customary","High","traditional subsistence fishing allowed using nets and hand-lines","NTZ (inside) and PPS (outside, traditional fishing zones).","108",1,"Nabq Managed Resource Protected Area",0.42,"1","10","Coral, Seagrass","Some poaching occurs","ntz","no extractive activity","yes","tropical","government","no","no","No","No"
"73",804,"IC",2002,2002,"nabq managed resource protected area","Egypt",1995,"NTZ, PPS","1","10","0.42","Artisanal/Subsistence, Traditional/Customary","High","traditional subsistence fishing allowed using nets and hand-lines","NTZ (inside) and PPS (outside, traditional fishing zones).","108",2,"Nabq Managed Resource Protected Area",0.42,"1","10","Coral, Seagrass","Some poaching occurs","pps","traditional subsistence fishing allowed using nets and hand-lines","yes","tropical","government","no","no","No","No"
"74",865,"BACI",2003,2012,"vamizi marine reserve","Mozambique",2006,"NTZ","10","10",NA,"Artisanal/Subsistence","Low","Gear restrictions","","108",1,"Vamizi Marine Reserve",38,"10","10","Coral, Macroalgae, Seagrass","Well enforced","ntz","no extractive activity","no","tropical","community managed","no","yes","Yes","Yes"
"75",1116,"IC",2004,2004,"torre guaceto marine protected area","Italy",2001,"NTZ","4","7",NA,"Recreational, Commercial","High","Unknown","Very simple study, not a lot if information about the sampling. Was looking at relationship between sea urchin barrens, urchin abundance and abundance of target specie-whole area was no-take at this time","320",1,"Torre Guaceto Marine Protected Area",22.2,"4","7","Macroalgae, Turf and urchin barrens","Well enforced","ntz","no extractive activity","no","temperate","co-management","no","no","No","No"
"76",1140,"IC",2015,2021,"yam rosh haniqra","Israel",2005,"NTZ","9.1","17.9","150 m2 for UVC, 250m3 for TDS","Recreational, Commercial","High","Unknown","Enforced in 2005 which shore fishing allowed, shore fishing banned in 2017. Had three different sampling methods hence different sample sizes and outside areas. Not entirely sure what fishing happens here.","143 diver transects, 23 acoustic transects, 23 towed diver",1,"Yam Rosh Haniqra",20,"9.1","17.9",NA,"Well enforced","ntz","no extractive activity","no","subtropical","government","no","yes","Yes","Yes"
"77",1199,"IC",2007,2015,"penguin bank bottomfish restricted fishing area","United States of America",2007,"PPO","90","310",NA,"Recreational, Commercial","Medium","Unknown","They only used samples from hard substrate","63",1,"Penguin Bank Bottomfish Restricted Fishing Area",268.61,"90","310","Unconsolidated sediment, Hard substrate","Well enforced","ppg","No fishing of demersal/bottomfish","yes","tropical","government","no","no","Yes","Yes"
"78",1199,"IC",2007,2015,"makapu'u bottomfish restricted fishing area","United States of America",2007,"PPO","90","310",NA,"Recreational, Commercial","Medium","Unknown","Only used samples from hard substrate","64",2,"Makapu'u Bottomfish Restricted Fishing Area",189.24,"90","310","Unconsolidated sediment, Hard substrate","Well enforced","ppg","No fishing of demersal/bottomfish","yes","tropical","government","no","no","Yes","Yes"
"79",842,"IC",2008,2018,"gull marine reserve","United States of America",2003,"NTZ","6","16",NA,"Commercial","High","Size limits, Gear restrictions, fishery-wide seasonal closure (Oct‚ÄìMar open; Apr‚ÄìSep closed)","paper studies 2 different NTZs inside the Santa Barbara Channel (SBC)","1173",1,"Santa Barbara Channel Islands marine reserve network",20.3,"6","16","Macroalgae","Well enforced","ntz","no extractive activity","yes","subtropical","government","no","no","Yes","Yes"
"80",842,"IC",2008,2018,"scorpion marine reserve","United States of America",2003,"NTZ","6","16",NA,"Commercial","High","Size limits, Gear restrictions, fishery-wide seasonal closure (Oct‚ÄìMar open; Apr‚ÄìSep closed)","paper studies 2 different NTZs inside the Santa Barbara Channel (SBC)","449",2,"Santa Barbara Channel Islands marine reserve network",19.2,"6","16","Macroalgae","Well enforced","ntz","no extractive activity","yes","subtropical","government","no","no","Yes","Yes"
"81",1206,"BACI",1950,2022,"chagos marine protected area","United Kingdom",2010,"NTZ",NA,NA,NA,"Commercial","High","Unknown","Large-scale open ocean MPAs so fisheries are just the whole area surrounding it","1847",1,"Chagos Marine Protected Area",640000,NA,NA,NA,"Well enforced","ntz","no extractive activity","no","tropical","government","yes","no","No","Yes"
"82",1206,"BACI",1950,2022,"galápagos marine reserve","Ecuador",2002,"NTZ",NA,NA,NA,"Commercial","High",NA,"","5283",2,"Galápagos Marine Reserve",138665,NA,NA,NA,"Well enforced","ntz","no extractive activity","no","tropical","government","yes","no","No","Yes"
"83",1206,"BACI",1950,2022,"nazca-desventuradas marine park","Chile",2016,"NTZ",NA,NA,NA,"Commercial","High","Unknown","","231",3,"Nazca-Desventuradas Marine Park",300035,NA,NA,NA,"Well enforced","ntz","no extractive activity","no","subtropical","government","yes","no","No","Yes"
"84",1206,"BACI",1950,2022,"phoenix islands protected area","Kiribati",2015,"NTZ",NA,NA,NA,"Commercial","High","Unknown","","1525",4,"Phoenix Islands Protected Area",408250,NA,NA,NA,"Well enforced","ntz","no extractive activity","no","tropical","government","yes","no","No","Yes"
"85",1206,"BACI",1950,2022,"pacific remote islands (jarvis)","United States of America Minor Outlying Islands (the)",2014,"NTZ",NA,NA,NA,"Commercial","High","Unknown","","495",5,"Pacific Remote Islands (Jarvis)",323100,NA,NA,NA,"Well enforced","ntz","no extractive activity","no","tropical","government","yes","no","No","Yes"
"86",1206,"BACI",1950,2022,"revillagigedo","Mexico",2017,"NTZ",NA,NA,NA,"Commercial","High","Unknown","","1349",6,"Revillagigedo",148644,NA,NA,NA,"Well enforced","ntz","no extractive activity","no","tropical","government","yes","no","No","Yes"
"87",1230,"IC",1996,1997,"mombasa marine park and reserve","Kenya",1991,"NTZ, PPG","2.2","3.75","8","Artisanal/Subsistence","High","Gear restrictions","Marine Park is NTZ, Marine reserve is meant to exclude pull seine nets but is poorly enforced. They couldn't sample inside the Marine Park so everything comes from the reserve or from the north of the NTZ park","48",1,"Mombasa Marine Park And Reserve",6.2,NA,NA,"Coral, Macroalgae, Seagrass, Unconsolidated sediment","Some poaching occurs","ntz","no extractive activity","yes","tropical","government","yes",NA,"No","No"
"88",1230,"IC",1996,1997,"mombasa marine park and reserve","Kenya",1991,"NTZ, PPG","2.2","3.75","8","Artisanal/Subsistence","High","Gear restrictions","Marine Park is NTZ, Marine reserve is meant to exclude pull seine nets but is poorly enforced. They couldn't sample inside the Marine Park so everything comes from the reserve or from the north of the NTZ park","48",2,"Mombasa Marine Park And Reserve",200,"2.3","3.75","Coral, Macroalgae, Seagrass, Unconsolidated sediment","Some poaching occurs","ppg","Pull seines are banned, meant to be traditional fishing only","yes","tropical","government","yes",NA,"No","No"
"89",870,"IC",2011,2011,"punta javana marine protected area","Spain",1987,"NTZ","10","15",NA,"Artisanal/Subsistence","Medium","Described as Artisanal fishing areas outside the NTZ; no specific management regulations (gear, size, or bag limits) reported","","27",1,"Cabo de Gata-Nijar Natural Park",4,"10","15","Seagrass, rocky reef","Some poaching occurs","ntz","no extractive activity","yes","subtropical","government","no","no","Yes","Yes"
"90",870,"IC",2011,2011,"polacra marine protected area","Spain",1987,"NTZ","10","15",NA,"Artisanal/Subsistence","Medium","Described as Artisanal fishing areas outside the NTZ; no specific management regulations (gear, size, or bag limits) reported","","27",2,"Cabo de Gata-Nijar Natural Park",5,"10","15","Seagrass, rocky reef","Some poaching occurs","ntz","no extractive activity","yes","subtropical","government","no","no","Yes","Yes"
"91",870,"IC",2011,2011,"loma pelada marine protected area","Spain",1987,"NTZ","10","15",NA,"Artisanal/Subsistence","Medium","Described as Artisanal fishing areas outside the NTZ; no specific management regulations (gear, size, or bag limits) reported","","27",3,"Cabo de Gata-Nijar Natural Park",4,"10","15","Seagrass, rocky reef","Some poaching occurs","ntz","no extractive activity","yes","subtropical","government","no","no","Yes","Yes"
"92",1239,"IC",1993,1997,"cape rodney-okakari point marine reserve","New Zealand",1975,"NTZ","<10","25",NA,"Recreational, Commercial","Medium","Bag or boat limit, Size limits, Males/females/non-spawning individuals only","Put in the sample size for the catch study as the number of tagged individuals will be recorded separately. Also read from a plot so might not be the exact sample size.","3782 traps",1,"Cape Rodney-Okakari Point Marine Reserve",5.47,"<10","25","Macroalgae, Unconsolidated sediment, Rocky reef","Well enforced","ntz","no extractive activity","no","temperate","government","no","no","No","Yes"
"93",1252,"IC",2011,2013,"great barrier reef marine park","Australia",2004,"NTZ",NA,NA,"133.74","Recreational, Commercial","High","Bag or boat limit, Size limits, Gear restrictions","GBRMP was established in 1975 but was expanded to it's current state in 2004 which included some of the sites they sampled that weren't no take before 2004","2928",1,"Great Barrier Reef Marine Park",148.96,NA,NA,"Coral","Well enforced","ntz","no extractive activity","yes","tropical","government","no","yes",NA,NA
"94",1258,"IC",2007,2013,"great barrier reef marine park","Australia",2004,"NTZ",NA,NA,NA,"Recreational, Commercial","High","Bag or boat limit, Size limits, Gear restrictions","They focused on four reserve at the Keppel Islands - Middle Island, Halfway Island, Clam Bay and Egg Rock","2590",1,"Great Barrier Reef Marine Park",1.96,NA,NA,"Coral","Well enforced","ntz","no extractive activity","yes","tropical","government","no","yes",NA,NA
"95",1265,"BACI",2016,2021,"àrea d'interès pesquer roses - palamós","Spain",2017,"NTZ","351","475","10","Commercial","High","Unknown","","18",1,"Àrea D'interès Pesquer Roses - Palamós",10,"352","475","Unconsolidated sediment","Well enforced","ntz","no extractive activity","no","subtropical","co-management","no","no","No","Yes"
"96",1280,"IC",1999,2007,"west hawai'i marine protected area network","United States of America",1999,"PPO","8","13.6",NA,"Recreational, Commercial, Traditional/Customary","High","High","Weird MPA network with very little information about the size of the reserves and the specific rules in each of the zones. The min/max depths are also just means of the different sites ","5405",1,"West Hawai'i Marine Protected Area Network",177.278,"8","13.6","Coral","Well enforced","ppo","Mainly ""no aquarium collection"" zones, plus some restrictions on lay net fishing. Have a couple of zones included in the study that also prohibit spearing and there may also be restrictions on lines or hooks per person and the take of specific species.","yes","tropical","government","no","yes","Yes","Yes"
"97",1285,"IC",2008,2008,"dwesa-cwebe marine protected area","South Africa",1989,"NTZ",NA,NA,NA,"Recreational, Commercial, Artisanal/Subsistence, Traditional/Customary","High","Unknown","NTZ was rezoned in 2015 to allow controlled fishing in some areas. Boundaries were also changed in 2000 and 2015","Unknown",1,"Dwesa-Cwebe Marine Protected Area",193,NA,NA,"Macroalgae, Coralline algae, rocky reefs","Poorly enforced","ntz","no extractive activity","no","subtropical","government","no","yes",NA,NA
"98",1311,"IC",2011,2011,"apo island protected landscape and seascape","Philippines",1982,"NTZ",NA,NA,NA,"Recreational, Commercial, Artisanal/Subsistence","High","Unknown","Fished areas were at least 750 m from the reserve, 81 samples total 27 in each location","81",1,"Apo Island Protected Landscape And Seascape",0.15,NA,NA,NA,"Well enforced","ntz","no extractive activity","no","tropical","government","no","no","Yes","Yes"
"99",1311,"IC",2011,2011,"tubod marine sanctuary","Philippines",2005,"NTZ",NA,NA,NA,"Recreational, Commercial, Artisanal/Subsistence","High","Unknown","Approx. 750 m away from reserve, date is from when enforced","81",2,"Tubod Marine Sanctuary",0.07,NA,NA,"Coral, Seagrass","Well enforced","ntz","no extractive activity","yes","tropical","government","no","no","Yes","Yes"
"100",1311,"IC",2011,2011,"tandayag marine sanctuary","Philippines",2006,"NTZ",NA,NA,NA,"Recreational, Commercial, Artisanal/Subsistence","High","Unknown","~40 km away as there was no comparable habitat that wasn't protected nearby","81",3,"Tandayag Marine Sanctuary",0.1,NA,NA,"Coral, Seagrass","Well enforced","ntz","no extractive activity","yes","tropical","government","no","no","Yes","Yes"
"101",1311,"IC",2011,2011,"multiple mpas","Philippines",2005,"NTZ",NA,NA,NA,"Recreational, Commercial, Artisanal/Subsistence","High","Unknown","Approx. 750 m away from reserve, date is from when enforced","81",2,NA,0.07,NA,NA,"Coral, Seagrass","Well enforced","ntz","no extractive activity",NA,"tropical","government","no","no","Yes","Yes"
"102",1313,"IC",2011,2013,"lamlash bay marine reserve","United Kingdom",2008,"NTZ",NA,"30",NA,"Recreational, Commercial","High","Size limits","","91",1,"Lamlash Bay Marine Reserve",2.67,NA,"30","Macroalgae, Unconsolidated sediment, Ma√´rl, benthic sedentary organisms","Well enforced","ntz","no extractive activity","no","temperate","co-management","no","no","No","Yes"
"103",1318,"IC",2003,2004,"carry-le-rouet marine reserve","France",1982,"NTZ","5","50",NA,"Commercial, Artisanal/Subsistence","High","Unknown","Is Artisanal commercial fishing","700",1,"Carry-Le-Rouet Marine Reserve",0.85,NA,"30","Seagrass, Rocky photophylic","Well enforced","ntz","no extractive activity","yes","subtropical","government","no","yes","Yes","No"
"104",1318,"IC",2003,2004,"cerbère-banyuls marine reserve","France",1974,"NTZ, PPO","12","65",NA,"Commercial, Artisanal/Subsistence","High","Unknown","Has a NTZ surrounded by a restricted use zone. Mainly Artisanal commercial fishing","700",2,"Cerbère-banyuls Marine Reserve",0.65,NA,"45","Coral, Unconsolidated sediment, Rocky photophylic","Well enforced","ntz","no extractive activity","no","subtropical","government","no","yes","Yes","No"
"105",1318,"IC",2003,2004,"cerbère-banyuls marine reserve","France",1974,"NTZ, PPO","12","65",NA,"Commercial, Artisanal/Subsistence","High","Unknown","Has a NTZ surrounded by a restricted use zone. Mainly Artisanal commercial fishing","700",3,"Cerbère-banyuls Marine Reserve",4.18,NA,"60","Coral, Unconsolidated sediment, Rocky photophylic","Well enforced","ppc","Only small scale Artisanal fishing permitted (Restricted Use Zone)","no","subtropical","government","no","yes","Yes","No"
"106",1318,"IC",2003,2004,"medes islands marine reserve","Spain",1983,"NTZ, PPO","10","60",NA,"Commercial, Artisanal/Subsistence","High","Unknown","NTZ surrounded by RUZ. Artisanal commercial fishery","700",4,"Medes Islands Marine Reserve",0.93,NA,"60","Coral, Unconsolidated sediment, Rocky photophylic","Well enforced","ntz","no extractive activity","yes","subtropical","government","no","yes","Yes","No"
"107",1318,"IC",2003,2004,"medes islands marine reserve","Spain",1983,"NTZ, PPO","10","60",NA,"Commercial, Artisanal/Subsistence","High","Unknown","NTZ surrounded by RUZ. Artisanal commercial fishery","700",5,"Medes Islands Marine Reserve",4.18,NA,"60","Seagrass, Unconsolidated sediment","Well enforced","ppc","Only small scale Artisanal fishing allowed (Restricted use zone)","yes","subtropical","government","no","yes","Yes","No"
"108",1318,"IC",2003,2004,"cabrera marine reserve","Spain",1991,"NTZ, PPO","20","100",NA,"Commercial, Artisanal/Subsistence","High","Unknown","RUZ was extended to be a large area. NTZ surrounded by RUZ. Mainly Artisanal commercial fishing.","700",6,"Cabrera Marine Reserve",2.34,NA,"55","Seagrass, Unconsolidated sediment, Rocky photophylic","Some poaching occurs","ntz","no extractive activity","yse","subtropical","government","no","yes","Yes","No"
"109",1318,"IC",2003,2004,"cabrera marine reserve","Spain",1991,"NTZ, PPO","20","100",NA,"Commercial, Artisanal/Subsistence","High","Unknown","RUZ was extended to be a large area. NTZ surrounded by RUZ. Mainly Artisanal commercial fishing.","700",7,"Cabrera Marine Reserve",84.66,NA,"110","Unconsolidated sediment, Rocky photophylic, Ma√´rl","Some poaching occurs","ppc","Only small scale Artisanal fishing (Restricted Use Zone)","yes","subtropical","government","no","yes","Yes","No"
"110",1318,"IC",2003,2004,"tabarca marine reserve","Spain",1986,"NTZ, PPO","10","60",NA,"Commercial, Artisanal/Subsistence","High","Unknown","NTZ surrounded by RUZ. Mainly Artisanal commercial fisheries","700",8,"Tabarca Marine Reserve",1,NA,"20","Seagrass, Rocky photophylic","Well enforced","ntz","no extractive activity","yes","subtropical","government","no","yes","Yes","No"
"111",1318,"IC",2003,2004,"tabarca marine reserve","Spain",1986,"NTZ, PPO","10","60",NA,"Commercial, Artisanal/Subsistence","High","Unknown","NTZ surrounded by RUZ. Mainly Artisanal commercial fisheries","700",9,"Tabarca Marine Reserve",6.7,NA,"40","Seagrass, Unconsolidated sediment, Rocky photophylic","Well enforced","ppc","Only small scale Artisanal fishing allowed (Restricted Use Zone)","yes","subtropical","government","no","yes","Yes","No"
"112",1318,"IC",2003,2004,"cabo de palos marine reserve","Spain",1995,"NTZ, PPO","10","80",NA,"Commercial, Artisanal/Subsistence","High","Unknown","NTZ surrounded by RUZ. Mainly Artisanal commercial fishery","700",10,"Cabo De Palos Marine Reserve",2.7,NA,"80","Ma√´rl, rocky coralligenous","Some poaching occurs","ntz","no extractive activity","yes","subtropical","government","no","yes","Yes","No"
"113",1318,"IC",2003,2004,"cabo de palos marine reserve","Spain",1995,"NTZ, PPO","10","80",NA,"Commercial, Artisanal/Subsistence","High","Unknown","NTZ surrounded by RUZ. Mainly Artisanal commercial fishery","700",11,"Cabo De Palos Marine Reserve",16.28,NA,"100","Ma√´rl, rocky photophylic","Some poaching occurs","ppc","Only small scale Artisanal fisheries allowed","yes","subtropical","government","no","yes","Yes","No"
"114",1319,"BACI",1963,2002,"georges bank dedicated habitat research area","United States of America",1994,"PPG",NA,NA,NA,"Commercial","High","Unknown","Number of samples is for each of the closed areas separately","1989",1,"Georges Bank Dedicated Habitat Research Area",3960,NA,NA,NA,"Well enforced","ppg","Closed to any gear that can retain demersals","yes","temperate","government","no","no","No","Yes"
"115",1319,"BACI",1963,2002,"george's bank closed area 2","United States of America",1994,"PPG",NA,NA,NA,"Commercial","High","Unknown","Sample size is for each closed area separately","541",2,"George's Bank Closed Area 2",6927,NA,NA,NA,"Well enforced","ppg","Prohibits use of gear that can fish for demersals","yes","temperate","government","no","no","No","Yes"
"116",1319,"BACI",1963,2002,"nantucket lightship area","United States of America",1994,"PPG",NA,NA,NA,"Commercial","High","Unknown","Samples size is for each closed area separately ","542",3,"Nantucket Lightship Area",6275,NA,NA,NA,"Well enforced","ppg","Prohibits all gear that can catch demersals","yes","temperate","government","no","no","No","Yes"
"117",1319,"BACI",1963,2002,"western gulf of maine closed area","United States of America",1996,"PPG",NA,NA,NA,"Commercial","High","Unknown","Samples size is for each closed area separately","992",4,"Western Gulf Of Maine Closed Area",3025,NA,NA,NA,"Well enforced","ppg","Prohibits any gear that can catch demersals","yes","temperate","government","no","no","No","Yes"
"118",1325,"BACI",2001,2005,"marine extractive reserve of corumbau","Brazil",2002,"NTZ, PPG","2","15","930","Recreational, Commercial, Artisanal/Subsistence","High","Bag or boat limit, Size limits, Gear restrictions","The study was done inside the MERC which contains a couple of NTZs (biggest is 10 km) rest of it is the PPG which is probably about 900km2 but would need to check","1557",1,"Marine Extractive Reserve Of Corumbau",10,"2","15","Coral, Macroalgae, Turf algae","Some poaching occurs","ntz","no extractive activity","no","tropical","co-management","no","no","No","Yes"
"119",1325,"BACI",2001,2005,"marine extractive reserve of corumbau","Brazil",2002,"NTZ, PPG","2","15","930","Recreational, Commercial, Artisanal/Subsistence","High","Bag or boat limit, Size limits, Gear restrictions","The study was done inside the MERC which contains a couple of NTZs (biggest is 10 km) rest of it is the PPG which is probably about 900km2 but would need to check","1557",2,"Marine Extractive Reserve Of Corumbau",900,"2","15","Coral, Macroalgae, Turf algae","Some poaching occurs","ppc","Fishing only allowed by locals with destructive fishing prohibited (e.g. drive nets)","no","tropical","co-management","no","no","No","Yes"
"120",1064,"IC",2012,2015,"lamlash bay marine reserve","Scotland",2008,"NTZ",NA,"10",NA,"Commercial","High","minimum legal landing sizes","","900",1,"Lamlash Bay Marine Reserve",2.67,NA,"10","Boulder and rocky substrates","Well enforced","ntz","no extractive activity","no","temperate","co-management","no","no","No","Yes"
"121",1348,"IC",2007,2009,"great barrier reef marine park","Australia",1988,"NTZ, PPG, PPO",NA,NA,"5.05","Recreational, Commercial, Traditional/Customary","High","Unknown","NTZ info is for 6 reserves around the Keppel Island group - they sampled all of them and then grouped them together for analysis. The fished area is mix habitat protection (no trawling) and conservation park zones which are rec only. ","1620",1,"Great Barrier Reef Marine Park",389.06,NA,NA,"Coral","Well enforced","ntz","no extractive activity","yes","tropical","government","yes","yes",NA,NA
"122",1348,"IC",2007,2009,"great barrier reef marine park","Australia",1988,"NTZ, PPG, PPO",NA,NA,"5.05","Recreational, Commercial, Traditional/Customary","High","Unknown","NTZ info is for 6 reserves around the Keppel Island group - they sampled all of them and then grouped them together for analysis. The fished area is mix habitat protection (no trawling) and conservation park zones which are rec only. ","1620",2,"Great Barrier Reef Marine Park",121.14,NA,NA,"Coral","Well enforced","ppg","No demersal trawing but allow hook-and-line and spear fishing","yes","tropical","government","yes","yes",NA,NA
"123",1348,"IC",2007,2009,"great barrier reef marine park","Australia",1988,"NTZ, PPG, PPO",NA,NA,"5.05","Recreational, Commercial, Traditional/Customary","High","Unknown","NTZ info is for 6 reserves around the Keppel Island group - they sampled all of them and then grouped them together for analysis. The fished area is mix habitat protection (no trawling) and conservation park zones which are rec only. ","1620",3,"Great Barrier Reef Marine Park",9.4,NA,NA,"Coral","Well enforced","ppc","Conservation Park Zone - only recreational hook-and-line and spear fishing","yes","tropical","government","yes","yes",NA,NA
"124",1356,"IC",2012,2013,"north carolina department of marine fisheries oyster sanctuary program","United States of America",2008,"NTZ",NA,"3",NA,"Recreational, Commercial","High","Unknown","Had three different types of reef - reserve (NTZ), natural oyster reefs and rehabbed cultch-planted reefs","547",1,"North Carolina Department Of Marine Fisheries Oyster Sanctuary Program",0.61,NA,"3","Unconsolidated sediment, Oyster reef","Well enforced","ntz","no extractive activity","yes","subtropical","government","yes","no",NA,NA
"125",1356,"IC",2012,2013,"north carolina department of marine fisheries oyster sanctuary program","United States of America",2008,"NTZ",NA,"3",NA,"Recreational, Commercial","High","Unknown","Had three different types of reef - reserve (NTZ), natural oyster reefs and rehabbed cultch-planted reefs","547",1,"North Carolina Department Of Marine Fisheries Oyster Sanctuary Program",0.61,NA,"3","Unconsolidated sediment, Oyster reef","Well enforced","ntz","no extractive activity","yes","subtropical","government","yes","no",NA,NA
"126",1374,"IC",2003,2004,"apo island protected landscape and seascape","Philippines",1982,"NTZ",NA,NA,"0.051","Commercial, Artisanal/Subsistence","High","Unknown","Outside consisted of 3 zones - near the reserve, western side of Apo island and the northern side of Apo island","Surveyed 80 fishers over 8 months",1,"Apo Island Protected Landscape And Seascape",0.15,NA,NA,"Coral","Well enforced","ntz","no extractive activity","no","tropical","government","yes","no","No","Yes"
"127",1385,"BACI",2006,2016,"gulf of roses no-take area","Spain",2013,"NTZ","100","275","255","Commercial","High","Unknown","Sampled in 5 areas outside the NTZ to encompass the same habitats and depths and cover a juvenile nursery ground in order to see if the NTZ was going anything differently to the other areas",NA,1,"Gulf Of Roses No-Take Area",51.35,"130","150",NA,"Well enforced","ntz","no extractive activity","no","subtropical","co-management","no","no","Yes","Yes"
"128",1395,"IC",1999,2009,"medes islands marine reserve","Spain",1983,"NTZ, PPO","10","20",NA,"Recreational, Commercial, Artisanal/Subsistence","High","Unknown","PPO is a buffer zone around the integral NTZ",NA,1,"Medes Islands Marine Reserve",0.93,"10","20",NA,"Well enforced","ntz","no extractive activity","yes","subtropical","government","no","no","No","No"
"129",1395,"IC",1999,2009,"medes islands marine reserve","Spain",1983,"NTZ, PPO","10","20",NA,"Recreational, Commercial, Artisanal/Subsistence","High","Unknown","PPO is a buffer zone around the integral NTZ",NA,2,"Medes Islands Marine Reserve",4.18,"10","20",NA,"Well enforced","ppc","Allows Artisanal and recreational fishing","yes","subtropical","government","no","no","No","No"
"130",1400,"BACI",2006,2017,"campus point state marine conservation area","United States of America",2012,"NTZ",NA,NA,"344.173","Recreational, Commercial, Traditional/Customary","High","Unknown","Fishable area reduced by 35% after implementation of reserves","170778",1,"marine life protection act reserve network",27.35,NA,NA,"Unconsolidated sediment, Rocky reef","Well enforced","ntz","no extractive activity","yes","subtropical","government","yes","no","No","Yes"
"131",1400,"BACI",2006,2017,"naples state marine conservation area","United States of America",2012,"PPO",NA,NA,"344.173","Recreational, Commercial, Traditional/Customary","High","Unknown","Fishable area reduced by 35% after implementation of reserves",NA,2,"marine life protection act reserve network",6.73,NA,NA,"Unconsolidated sediment, Rocky reef","Well enforced","ppo","Recreational take of white seabass and pelagic finfish, commercial take of giant kelp and customary use for one tribe","yes","subtropical","government","yes","no","No","Yes"
"132",1400,"BACI",2006,2017,"marine life protection act reserve network","United States of America",2012,"PPO",NA,NA,"344.173","Recreational, Commercial, Traditional/Customary","High","Unknown","Fishable area reduced by 35% after implementation of reserves",NA,2,"marine life protection act reserve network",6.73,NA,NA,"Unconsolidated sediment, Rocky reef","Well enforced","ppo","Recreational take of white seabass and pelagic finfish, commercial take of giant kelp and customary use for one tribe","Yes","subtropical","government","yes","no","No","Yes"
"133",676,"IC",2009,2009,"grand cayman marine protected area","United Kingdom (Cayman Islands)",1986,"PPC","10","18",NA,"Recreational","High","Unknown","","111",1,"Grand Cayman Marine Protected Area",9.61,"10","18","Coral","Some poaching occurs","ppc","Recreational fishing is allowed (from shore or beyond 25 m depth)","yes","tropical","government","no","no","No","No"
"134",1035,"IC",1995,2001,"the soufrière marine management area","St. Lucia",1995,"NTZ","5","15",NA,"Artisanal/Subsistence","Medium","Unknown","","275",1,"The Soufrière Marine Management Area",7,"5","15","Coral","Well enforced","ntz","no extractive activity","yes","tropical","community managed","no","no","No","No"
"135",1525,"IC",2000,2001,"malindi national marine park","Kenya",1968,"NTZ",NA,NA,NA,"Recreational, Commercial, Artisanal/Subsistence, Traditional/Customary","High","Gear restrictions","Outside area is called a ""reserve"" which receive limited protection and allow fishing mainly with ""traditional"" traps. In 1998. lobbying from local groups around Malindi meant that trap fishing is allowed up to 500 m inside the southern border particularly during the SE monsoon.","Unknown",1,"Malindi National Marine Park",6.3,NA,NA,"Coral, Macroalgae, Seagrass, Unconsolidated sediment","Well enforced","ntz","no extractive activity","yes","tropical","government","no","no","No","No"
"136",1525,"IC",2000,2001,"watamu national marine park","Kenya",1968,"NTZ",NA,NA,NA,"Recreational, Commercial, Artisanal/Subsistence, Traditional/Customary","High","Unknown","Outside is a ""reserve"" on both north and south boundary which provides limited protection, allowing mainly ""traditional"" trap fishing. ","Unknown",2,"Watamu National Marine Park",10,NA,NA,"Coral, Seagrass, Unconsolidated sediment","Well enforced","ntz","no extractive activity","yes","tropical","government","no","no","No","No"
"137",1033,"BACI",1995,2013,"great barrier reef marine park","Australia",2004,"NTZ",NA,NA,NA,"Recreational, Commercial","High","Bag or boat limit, Size limits, Gear restrictions","all ntz in GBRMP",NA,1,"Great Barrier Reef Marine Park",117000,NA,NA,"Coral, Seagrass, Unconsolidated sediment","Well enforced","ntz","no extractive activity","yes","tropical","government","yes","no",NA,NA
"138",1026,"BACI",1983,2001,"apo island protected landscape and seascape","Philippines",1982,"NTZ","9","17",NA,"Artisanal/Subsistence","High","Gear restrictions, Ban on destructive gears and nonresident fishing","Both MPAs were designated as no-take reserves but experienced temporary lapses in enforcement during some years.","180",1,"Apo Island Protected Landscape And Seascape",0.15,"2","17","Coral","Well enforced","ntz","no extractive activity","no","tropical","government","no","yes",NA,"Yes"
"139",1026,"BACI",1983,2001,"sumilon island marine reserve","Philippines",1974,"NTZ","9","17",NA,"Artisanal/Subsistence","High","Gear restrictions, Ban on destructive gears and nonresident fishing","Both MPAs were designated as no-take reserves but experienced temporary lapses in enforcement during some years.","180",2,"Sumilon Island Marine Reserve",0.375,"2","17","Coral","Well enforced","ntz","no extractive activity","yes","tropical","co-management","no","yes",NA,"Yes"
"140",1531,"IC",2003,2005,"medes islands marine reserve","Spain",1991,"NTZ, PPC",NA,NA,"Observed no fishing effort >5 km from reserve","Recreational, Commercial, Artisanal/Subsistence","High","Unknown","All data was fishery-dependent using trammel nets","44",1,"Medes Islands Marine Reserve",0.93,NA,NA,"Rocky reef","Well enforced","ntz","no extractive activity","yes","subtropical","government","no","yes","Yes","No"
"141",1531,"IC",2003,2005,"medes islands marine reserve","Spain",1991,"NTZ, PPC",NA,NA,"Observed no fishing effort >5 km from reserve","Recreational, Commercial, Artisanal/Subsistence","High","Unknown","All data was fishery-dependent using trammel nets","44",2,"Medes Islands Marine Reserve",4.18,NA,NA,"Rocky habitat","Well enforced","ppc","Only Artisanal fishing by the local fleet","yes","subtropical","government","no","yes","Yes","No"
"142",1535,"IC",1983,2003,"apo island protected landscape and seascape","Philippines",1982,"NTZ","9","17",NA,"Artisanal/Subsistence","High","Gear restrictions, Ban on destructive fishing and non-resident fishing","Has experienced lapses in enforcement","192",1,"Apo Island Protected Landscape And Seascape",0.15,"2","17","Coral","Well enforced","ntz","no extractive activity","no","tropical","government","no","yes","Yes","Yes"
"143",1550,"IC",1999,2000,"tonga island marine reserve","New Zealand",1993,"NTZ","5","18",NA,"Recreational, Commercial","High","Bag or boat limit, Size limits, Males/females/non-spawning individuals only","","132",1,"Tonga Island Marine Reserve",18.35,"5","18","Macroalgae, Unconsolidated sediment, Rocky reef","Well enforced","ntz","no extractive activity","no","temperate","government","no","no","No","No"
"144",1552,"IC",2003,2003,"carry-le-rouet marine reserve","France",1982,"NTZ","6","12",NA,"Recreational, Commercial","High","Unknown","Depths are for visual census, doesn't say where they got the fishing data from. Carry has been NTZ since it's creation but didn't prohibit diving or anchoring until 1990","108 transects",1,"Carry-Le-Rouet Marine Reserve",0.85,"6","12","Seagrass, Unconsolidated sediment, Rocky rref","Well enforced","ntz","no extractive activity","yes","subtropical","government","no","yes","No","No"
"145",1595,"IC",2003,2005,"medes islands marine reserve","Spain",1991,"NTZ, PPC",NA,NA,NA,"Recreational, Commercial, Artisanal/Subsistence","High","Unknown","All data is from commercial/Artisanal fisheries so they don't tell you about how many samples or the depths of the fishing sets.",NA,1,"Medes Islands Marine Reserve",0.93,NA,NA,"Seagrass, Rocky reef","Well enforced","ntz","no extractive activity","yes","subtropical","government","no","yes","Yes","No"
"146",1595,"IC",2003,2005,"medes islands marine reserve","Spain",1991,"NTZ, PPC",NA,NA,NA,"Recreational, Commercial, Artisanal/Subsistence","High","Unknown","All data is from commercial/Artisanal fisheries so they don't tell you about how many samples or the depths of the fishing sets.",NA,2,"Medes Islands Marine Reserve",4.18,NA,NA,"Seagrass, Rocky reef","Well enforced","ppc","Only Artisanal fisheries allowed","yes","subtropical","government","no","yes","Yes","No"
"147",1605,"IC",2003,2005,"tabarca marine reserve","Spain",1986,"NTZ, PPG, PPO","10","25",NA,"Recreational, Commercial, Artisanal/Subsistence","High","Gear restrictions, Trammel nets prohibited in whole MPA","Gave sample size for each MPA separately","324",1,"Tabarca Marine Reserve",1,"1-","25","Seagrass, Unconsolidated sediment","Well enforced","ntz","no extractive activity","yes","subtropical","government","no","no","Yes","Yes"
"148",1605,"IC",2003,2005,"tabarca marine reserve","Spain",1986,"NTZ, PPG, PPO","10","25",NA,"Recreational, Commercial, Artisanal/Subsistence","High","Gear restrictions, Trammel nets prohibited in whole MPA","Gave sample size for each MPA separately","324",2,"Tabarca Marine Reserve",6.3,"10","25","Seagrass, Unconsolidated sediment","Well enforced","ppo","Selective Artisanal fishing gear permitted (trap nets that target pelagic species)","yes","subtropical","government","no","no","Yes","Yes"
"149",1605,"IC",2003,2005,"tabarca marine reserve","Spain",1986,"NTZ, PPG, PPO","10","25",NA,"Recreational, Commercial, Artisanal/Subsistence","High","Gear restrictions, Trammel nets prohibited in whole MPA","Gave sample size for each MPA separately","324",3,"Tabarca Marine Reserve",6.7,"10","25","Seagrass, Unconsolidated sediment","Well enforced","ppc","Trap nets targeting pelagic species as well as non-extractive recreational activities","yes","subtropical","government","no","no","Yes","Yes"
"150",1605,"IC",2003,2005,"cerbère-banyuls marine reserve","France",1974,"NTZ, PPO","10","25",NA,"Recreational, Commercial, Artisanal/Subsistence","High","Gear restrictions","Had slightly less samples because they had to cancel the summer sampling due to bad weather","216",4,"Cerbère-banyuls Marine Reserve",0.65,"10","25","Seagrass, Unconsolidated sediment","Well enforced","ntz","no extractive activity","no","subtropical","government","no","no","Yes","Yes"
"151",1605,"IC",2003,2005,"cerbère-banyuls marine reserve","France",1974,"NTZ, PPO","10","25",NA,"Recreational, Commercial, Artisanal/Subsistence","High","Gear restrictions","Had slightly less samples because they had to cancel the summer sampling due to bad weather","216",5,"Cerbère-banyuls Marine Reserve",4.18,"10","25","Seagrass, Unconsolidated sediment","Well enforced","ppc","Commercial and rec fishing are regulated, spear fishing prohibited","no","subtropical","government","no","no","Yes","Yes"
"152",1605,"IC",2003,2005,"carry-le-rouet marine reserve","France",1982,"NTZ","10","25",NA,"Recreational, Commercial, Artisanal/Subsistence","High","Unknown","Whole marine reserve is NTZ with no zoning scheme","324",6,"Carry-Le-Rouet Marine Reserve",0.85,"10","25","Seagrass, Unconsolidated sediment","Well enforced","ntz","no extractive activity","yes","subtropical","government","no","no","Yes","Yes"
"153",1616,"IC",1992,1992,"barbados marine reserve","Barbados",1981,"NTZ","1","8",NA,"Recreational, Commercial, Artisanal/Subsistence","High","Unknown","Paper says that 40-60 traps are set and hauled twice a week but I don't really know whether this is high or low?","42 traps, 102 transects",1,"Barbados Marine Reserve",2.2,"1","8","Coral, Macroalgae, Unconsolidated sediment","Some poaching occurs","ntz","no extractive activity","no","tropical","government","no","no","No","Yes"
"154",1617,"IC",0,0,"exuma cays land and sea park","Bahamas",1986,"NTZ",NA,NA,NA,"Commercial, Artisanal/Subsistence","Medium","Unknown","Established in 1958 but then fishing pressure increased dramatically so was made completely NTZ. Don't know if there is still poaching or how much fishing occurs.","740",1,"Exuma Cays Land And Sea Park",456,NA,NA,"Coral, Rocky bottom","Well enforced","ntz","no extractive activity","yes","tropical","co-management","no","yes","Yes","Yes"
"155",398,"BACI",1985,2017,"flamanville marine protected area","France",2000,"NTZ",NA,NA,NA,"Recreational, Commercial","High","Unknown","Technically an OECM because some of it is a defacto MPA due to there being an exclusion zone for a nuclear power plant",NA,1,"Flamanville Marine Protected Area",1.2,NA,NA,"Unconsolidated sediment","Well enforced","ntz","no extractive activity","no","subtropical","community managed","no","no","No","Yes"
"156",1020,"IC",1998,1999,"east harbour lobster and conch reserve","United Kingdom",1993,"PPS","0.2","12",NA,"Artisanal/Subsistence","High","Unknown","","205",1,"East Harbour Lobster And Conch Reserve",17.5,"0.2","12","Macroalgae, Seagrass, Unconsolidated sediment","Some poaching occurs","pps","Limited subsistence removal (‚â§10 conch per family, with officer permission)","no","tropical","government","no","no","No","No"
"157",1017,"IC",2011,2012,"cape rodney-okakari point marine reserve","New Zealand",1975,"NTZ","2","20",NA,"Recreational, Commercial","High","Unknown","","3037",1,"Cape Rodney-Okakari Point Marine Reserve",5.47,"2","20","Macroalgae, Unconsolidated sediment, rocky reef","Well enforced","ntz","no extractive activity","no","temperate","government","yes","yes",NA,NA
"158",61,"BACI",1985,2000,"goukamma marine protected area","South Africa",1990,"PPG",NA,NA,NA,"Recreational, Commercial","High","Unknown","Sampling area covered whole Roman stock, only grid cells within 30 km from the MPA boundary were included in the Goukamma area","48833 commercial fishing trips",1,"Goukamma Marine Protected Area",40,NA,NA,NA,"Well enforced","ppg","All boat-based fishing prohibiteed","no","subtropical","government","yes","no",NA,"Yes"
"159",421,"IC",2003,2004,"cerbère-banyuls marine reserve","France",1974,"NTZ","6","12",NA,"Recreational, Commercial, Artisanal/Subsistence","High","Unknown","Sample size is for each marine reserve individually","162",1,"Cerbère-banyuls Marine Reserve",0.65,"6","12","Rocky reef","Well enforced","ntz","no extractive activity","no","subtropical","government","no","yes","Yes","No"
"160",421,"IC",2003,2004,"cerbère-banyuls marine reserve","France",1974,"NTZ","6","12",NA,"Recreational, Commercial, Artisanal/Subsistence","High","Unknown","Sample size is for each marine reserve individually","162",2,"Cerbère-banyuls Marine Reserve",4.18,"6","12","Rocky reef","Well enforced","ppc","Only small scale Artisanal fishing permitted (Restricted Use Zone)","no","subtropical","government","no","yes","Yes","No"
"161",421,"IC",2003,2004,"cabo de palos marine reserve","Spain",1995,"NTZ","6","12",NA,"Recreational, Commercial, Artisanal/Subsistence","High","Unknown","Sample size is for each marine reserve","126",3,"Cabo De Palos Marine Reserve",2.7,"6","12","Rocky reef","Some poaching occurs","ntz","no extractive activity","yes","subtropical","government","no","yes","Yes","No"
"162",421,"IC",2003,2004,"cabo de palos marine reserve","Spain",1995,"NTZ","6","12",NA,"Recreational, Commercial, Artisanal/Subsistence","High","Unknown","Sample size is for each marine reserve","126",4,"Cabo De Palos Marine Reserve",16.28,"6","12","Rocky reef","Some poaching occurs","ppc","Only small scale Artisanal fishing permitted (Restricted Use Zone)","yes","subtropical","government","no","yes","Yes","No"
"163",421,"IC",2003,2004,"cabrera marine reserve","Spain",1991,"NTZ, PPO","6","12",NA,"Recreational, Commercial, Artisanal/Subsistence","High","Unknown","Sample size is for each marine reserve","162",5,"Cabrera Marine Reserve",2.34,"6","12","Rocky reef","Some poaching occurs","ntz","no extractive activity","yes","subtropical","government","no","yes","Yes","No"
"164",421,"IC",2003,2004,"cabrera marine reserve","Spain",1991,"NTZ, PPO","6","12",NA,"Recreational, Commercial, Artisanal/Subsistence","High","Unknown","Sample size is for each marine reserve","162",6,"Cabrera Marine Reserve",84.66,"6","12","Rocky reef","Some poaching occurs","ppc","Only small scale Artisanal fishing (Restricted Use Zone)","yes","subtropical","government","no","yes","Yes","No"
"165",421,"IC",2003,2004,"carry-le-rouet marine reserve","France",1983,"NTZ","6","12",NA,"Recreational, Commercial, Artisanal/Subsistence","High","Unknown","Sample size is for each marine reserve","162",7,"Carry-Le-Rouet Marine Reserve",0.85,"6","12","Rocky reef","Well enforced","ntz","no extractive activity","yes","subtropical","government","no","yes","Yes","No"
"166",421,"IC",2003,2004,"medes islands marine reserve","Spain",1983,"NTZ, PPO","6","12",NA,"Recreational, Commercial, Artisanal/Subsistence","High","Unknown","Sample size is for each marine reserve","126",8,"Medes Islands Marine Reserve",0.93,"6","12","Rocky reef","Well enforced","ntz","no extractive activity","yes","subtropical","government","no","yes","Yes","No"
"167",421,"IC",2003,2004,"medes islands marine reserve","Spain",1983,"NTZ, PPO","6","12",NA,"Recreational, Commercial, Artisanal/Subsistence","High","Unknown","Sample size is for each marine reserve","126",9,"Medes Islands Marine Reserve",4.18,"6","12","Rocky reef","Well enforced","ppc","Only small scale Artisanal fishing (Restricted Use Zone)","yes","subtropical","government","no","yes","Yes","No"
"168",421,"IC",2003,2004,"tabarca marine reserve","Spain",1986,"NTZ, PPO","6","12",NA,"Recreational, Commercial, Artisanal/Subsistence","High","Unknown","Sample size is for each marine reserve - this one has double because they did transects separately on the posidonia meadows and on rocky reef.","252",10,"Tabarca Marine Reserve",1,"6","12","Seagrass, Rocky reef","Well enforced","ntz","no extractive activity","yes","subtropical","government","no","yes","Yes","No"
"169",421,"IC",2003,2004,"tabarca marine reserve","Spain",1986,"NTZ, PPO","6","12",NA,"Recreational, Commercial, Artisanal/Subsistence","High","Unknown","Sample size is for each marine reserve - this one has double because they did transects separately on the posidonia meadows and on rocky reef.","252",11,"Tabarca Marine Reserve",6.7,"6","12","Seagrass, Rocky reef","Well enforced","ppc","Only small scale Artisanal fishing (Restricted Use Zone)","yes","subtropical","government","no","yes","Yes","No"
"170",1615,"BACI",1990,2009,"galápagos marine reserve","Ecuador",1998,"NTZ, SCA",NA,NA,NA,"Commercial","High","Size limits, Gear restrictions","El Corralito, the seasonally closed area is not actually part of the galapagos marine reserve but was used as the control for the GMR to see if any changes in catch were to do with the GMR or just general area trends","880",1,"Galápagos Marine Reserve",133000,NA,NA,"Looked at pelagic fishing so no habitat considered","Well enforced","ntz","no extractive activity","no","tropical","government","yes","no",NA,"Yes"
"171",518,"IC",1998,2008,"columbretes islands marine reserve","Spain",1990,"NTZ","na","na","189","Commercial","High","Size limits, Males/females/non-spawning individuals only, 6 month closed season (Sep to Feb)","","729",1,"Columbretes Islands Marine Reserve",44,NA,NA,"rock, ma√´rl, gravel, sand, mud","Well enforced","ntz","no extractive activity","yes","subtropical","government","yes","no",NA,NA
"172",518,"IC",1998,2008,"columbretes islands marine reserve","Spain",1990,"NTZ","50","90",NA,"Commercial","High","Size limits, Males/females/non-spawning individuals only, 6 month spawning closure","Fishing data came from outside the reserve, lobster were tagged inside the reserve","477 fishing sets and 5334 tagged lobster",2,"Columbretes Islands Marine Reserve",44,NA,"80","Unconsolidated sediment, Ma√´rl beds","Well enforced","ntz","no extractive activity","yes","subtropical","government","yes","no",NA,"Yes"
"173",422,"IC",2009,2010,"torre guaceto marine protected area","Italy",2001,"NTZ, PPO","0","10",NA,"Recreational, Commercial","High","Unknown","NTZ is a combination of a full NTZ that is not accessible to the public and a reserve zone where only recreational bathing from the shore is permitted","336",1,"Torre Guaceto Marine Protected Area",3.42,"0","10","Unconsolidated sediment, Rocky reef","Well enforced","ntz","no extractive activity","no","subtropical","co-management","no","no",NA,NA
"174",422,"IC",2009,2010,"torre guaceto marine protected area","Italy",2001,"NTZ, PPO","0","10",NA,"Recreational, Commercial","High","Unknown","NTZ is a combination of a full NTZ that is not accessible to the public and a reserve zone where only recreational bathing from the shore is permitted","336",2,"Torre Guaceto Marine Protected Area",18.85,"0","10","Unconsolidated sediment, Rocky reef","Well enforced","ppo","Professional and recreational fishing are allowed subject to permission of TGMPA management body, with the exception of spearfishing","no","subtropical","co-management","no","no",NA,NA
"175",980,"IC",2002,2002,"apo island protected landscape and seascape","Philippines",1982,"NTZ","10","12","0.18","Artisanal/Subsistence","Low","Unknown","","120",1,"Apo Island Protected Landscape And Seascape",0.15,"10","12","Coral, Seagrass, Unconsolidated sediment","Well enforced","ntz","no extractive activity","no","tropical","government","no","yes","Yes","Yes"
"176",980,"IC",2002,2002,"balicasag island fish sanctuary","Philippines",1984,"NTZ","7","10",NA,"Commercial, Artisanal/Subsistence","High","Unknown","","9",2,"Balicasag Island Fish Sanctuary",0.054,"7","10","Coral","Well enforced","ntz","no extractive activity","no","tropical","government","no","yes",NA,"Yes"
"177",803,"BACI",1996,2007,"mombasa marine park and reserve","Kenya",1991,"NTZ, PPG",NA,NA,NA,"Artisanal/Subsistence","High","Fully fished / open access","",">27.000 individual fish",1,"Mombasa Marine Park And Reserve",6.2,NA,NA,"Coral, Seagrass","Some poaching occurs","ntz","no extractive activity","no","tropical","government","yes","no","No","No"
"178",803,"BACI",1996,2007,"mombasa marine park and reserve","Kenya",1991,"NTZ, PPG",NA,NA,NA,"Artisanal/Subsistence","High","Fully fished / open access","",">27.000 individual fish",2,"Mombasa Marine Park And Reserve",200,NA,NA,"Coral, Seagrass","Some poaching occurs","ppg","Small-mesh seine nets prohibited in 2001, all seine nets eliminated by 2004","no","tropical","government","yes","no","No","No"
"179",791,"BACI",1997,2009,"santa barbara channel islands marine reserve network","United States of America",2003,"NTZ","2","20",NA,"Recreational, Commercial","Medium","Size limits, Gear restrictions, defined fishing season","","80 scuba transects, 45‚Äì60 traps x 3 reserves",1,"Santa Barbara Channel Islands Marine Reserve Network",NA,"2","20","rocky reef","Well enforced","ntz","no extractive activity","yes","subtropical","government","no","no","No","Yes"
"180",786,"IC",2011,2012,"apo island protected landscape and seascape","Philippines",1982,"NTZ",NA,NA,NA,"Artisanal/Subsistence","High","Unknown","Connectivity and spillover metrics are reported for a network of village-based no-take marine reserves along Negros Island and Apo Island, rather than for individual MPAs; therefore results are attributed to the NTMR network as a whole","3549",1,"Apo Island Protected Landscape And Seascape",0.15,NA,NA,"Coral","Well enforced","ntz","no extractive activity","no","tropical","government","yes","yes",NA,NA
"181",778,"IC",1983,1993,"apo island protected landscape and seascape","Philippines",1982,"NTZ","5","14","0.006","Artisanal/Subsistence","High","Gear restrictions","","83",1,"Apo Island Protected Landscape And Seascape",0.15,"6","17","Coral, Rocky limestone reef","Well enforced","ntz","no extractive activity","no","tropical","government","no","yes","Yes","No"
"182",696,"IC",2004,2007,"lundy no take zone","United Kingdom",2003,"NTZ",NA,NA,"4","Recreational, Commercial","High","Size limits, Gear restrictions","","800",1,"Lundy No Take Zone",4,NA,NA,"Unconsolidated sediment, rocky","Well enforced","ntz","no extractive activity","no","temperate","government","no","no","Yes","Yes"
"183",694,"IC",1998,2004,"handumon marine reserve","Philippines",1995,"NTZ","0","10",NA,"Artisanal/Subsistence, Traditional/Customary","High","Gear restrictions","","448",1,"Handumon Marine Reserve",0.5,"0","10","Coral","Some poaching occurs","ntz","no extractive activity","no","tropical","community managed","no","no","No","Yes"
"184",694,"IC",1998,2004,"pandanon marine reserve","Philippines",2004,"NTZ","0","10",NA,"Artisanal/Subsistence, Traditional/Customary","High","Gear restrictions","","448",2,"Pandanon Marine Reserve",0.2,"0","10","Coral","Poorly enforced","ntz","no extractive activity","no","tropical","community managed","no","no","No","Yes"
"185",694,"IC",1998,2004,"asinan marine reserve","Philippines",2000,"NTZ","0","10",NA,"Artisanal/Subsistence, Traditional/Customary","High","Gear restrictions","","448",3,"Asinan Marine Reserve",0.66,"0","10","Coral","Some poaching occurs","ntz","no extractive activity","no","tropical","community managed","no","no","No","Yes"
"186",694,"IC",1998,2004,"bilang-bilangan marine reserve","Philippines",1999,"NTZ","0","10",NA,"Artisanal/Subsistence, Traditional/Customary","High","Gear restrictions","","448",4,"Bilang-Bilangan Marine Reserve",0.105,"0","10","Coral","Poorly enforced","ntz","no extractive activity","no","tropical","community managed","no","no","No","Yes"
"187",694,"IC",1998,2004,"batasan marine reserve","Philippines",1999,"NTZ","0","10",NA,"Artisanal/Subsistence, Traditional/Customary","High","Gear restrictions","","448",5,"Batasan Marine Reserve",0.21,"0","10","Coral","Well enforced","ntz","no extractive activity","no","tropical","community managed","no","no","No","Yes"
"188",666,"IC",1995,1996,"barbados marine reserve","Barbados",1981,"PPG","1.9","8.2",NA,"Recreational, Commercial, Artisanal/Subsistence","Low","Unknown","","60",1,"Barbados Marine Reserve",2.2,"1.9","8.2","Coral","Some poaching occurs","ntz","prohibits the dynamiting of reefs and the harvesting of  corals, invertebrates and fishes, with the exception of  cast-netting for clupeids ","no","tropical","government","no","no","Yes","No"
"189",682,"IC",0,0,"cerbère-banyuls marine reserve","France",1974,"NTZ, PPG","5","6",NA,"Recreational, Commercial","High","Unknown","Area of NTZ is for whole MPA not for the individual zones","162",1,"Cerbère-banyuls Marine Reserve",0.65,"4","11.5","Rocky","Well enforced","ntz","no extractive activity","no","subtropical","government","no","no","Yes","Yes"
"190",682,"IC",0,0,"cerbère-banyuls marine reserve","France",1974,"NTZ, PPG","5.3","8",NA,"Recreational, Commercial","High","Unknown","Area of NTZ is for whole MPA not for the individual zones","162",2,"Cerbère-banyuls Marine Reserve",4.18,"4","11.5","Rocky","Well enforced","ppc",NA,"no","subtropical","government","no","no","Yes","Yes"
"191",1467,"IC",2006,2006,"west hawai'i marine protected area network","United States of America",1999,"PPO",NA,NA,NA,"Recreational, Commercial, Traditional/Customary","High","Unknown","Weird MPA network with very little information about the size of the reserves and the specific rules in each of the zones","5405",1,"West Hawai'i Marine Protected Area Network",NA,NA,NA,"Coral","Well enforced","ppo","Mainly ""no aquarium collection"" zones, plus some restrictions on lay net fishing. Have a couple of zones included in the study that also prohibit spearing and there may also be restrictions on lines or hooks per person and the take of specific species.","yes","tropical","government","no","yes",NA,NA
