paper.id,write.any.additional.notes.about.the.results.from.this.study.here,method,sample.unit,family,genus,species,functional.group,metric,zone.type,mpa.name,outside.open,result.descrp,comments,result.index,result.type,result.value,upper.ci,lower.ci,significant,full.name
1615,Recording results from a GAM that also considered the effects of fishing on FADs and ENSO,Catch,Target species as a group,Scombridae,NA,NA,"Yellowfin tuna, Skipjack tuna, Big Eye tuna",Fishing productivity (catch per set),NTZ,Galapagos Marine Reserve,El Corralito seasonally closed area and open areas,GAM modelling impact of GMR variable on fishing efficiency in different zones with FADs and ENSO as smooth terms,IEEZ is the Insular Exclusive Economic Zone of Ecuador - just the EEZ around the Galapagos Islands,NA,NA,NA,NA,NA,Yes,NA
1615,Recording results from a GAM that also considered the effects of fishing on FADs and ENSO,Catch,Target species as a group,Scombridae,NA,NA,"Yellowfin tuna, Skipjack tuna, Big Eye tuna",Fishing productivity (catch per set),NTZ,Galapagos Marine Reserve,El Corralito seasonally closed area and open areas,GAM modelling impact of GMR variable on fishing efficiency in different zones with FADs and ENSO as smooth terms,IEEZ is the Insular Exclusive Economic Zone of Ecuador - just the EEZ around the Galapagos Islands,1,Estimated coefficient of the GMR variable on fishing in the IEEZ,1.04,0.14,0.14,Yes,NA
1615,Recording results from a GAM that also considered the effects of fishing on FADs and ENSO,Catch,Target species as a group,Scombridae,NA,NA,"Yellowfin tuna, Skipjack tuna, Big Eye tuna",Fishing productivity (catch per set),NTZ,Galapagos Marine Reserve,El Corralito seasonally closed area and open areas,GAM modelling impact of GMR variable on fishing efficiency in different zones with FADs and ENSO as smooth terms,IEEZ is the Insular Exclusive Economic Zone of Ecuador - just the EEZ around the Galapagos Islands,2,Average total marginal effect of the GMR variable (at the average level) on fishing in the IEEZ (%),0.955,NA,NA,Yes,NA
1615,Recording results from a GAM that also considered the effects of fishing on FADs and ENSO,Catch,Target species as a group,Scombridae,NA,NA,"Yellowfin tuna, Skipjack tuna, Big Eye tuna",Fishing productivity (catch per set),NTZ,Galapagos Marine Reserve,El Corralito seasonally closed area and open areas,GAM modelling impact of GMR variable on fishing efficiency in different zones with FADs and ENSO as smooth terms,IEEZ is the Insular Exclusive Economic Zone of Ecuador - just the EEZ around the Galapagos Islands,3,R^2 of the model,0.45,NA,NA,Yes,NA
1615,Recording results from a GAM that also considered the effects of fishing on FADs and ENSO,Catch,Target species as a group,Scombridae,NA,NA,"Yellowfin tuna, Skipjack tuna, Big Eye tuna",Fishing productivity (catch per set),NTZ,Galapagos Marine Reserve,El Corralito seasonally closed area and open areas,GAM modelling impact of GMR variable on fishing efficiency in different zones with FADs and ENSO as smooth terms,IEEZ is the Insular Exclusive Economic Zone of Ecuador - just the EEZ around the Galapagos Islands,4,Deviance explained by the model (%),0.506,NA,NA,Yes,NA
1615,Recording results from a GAM that also considered the effects of fishing on FADs and ENSO,Catch,Target species as a group,Scombridae,NA,NA,"Yellowfin tuna, Skipjack tuna, Big Eye tuna",Fishing productivity (catch per set),NTZ,Galapagos Marine Reserve,El Corralito seasonally closed area and open areas,GAM modelling impact of GMR variable on fishing efficiency in different zones with FADs and ENSO as smooth terms,IEEZ is the Insular Exclusive Economic Zone of Ecuador - just the EEZ around the Galapagos Islands,5,NA,NA,NA,NA,Yes,NA
1615,Recording results from a GAM that also considered the effects of fishing on FADs and ENSO,Catch,Target species as a group,Scombridae,NA,NA,"Yellowfin tuna, Skipjack tune, Big Eye tuna",Fishing productivity (catch per set),NTZ,Galapagos Marine Reserve,El Corralito seasonally closed area and open areas,GAM modelling impact of GMR variable on fishing efficiency in different zones with FADs and ENSO as smooth terms,NA,NA,NA,NA,NA,NA,NA,NA
1615,Recording results from a GAM that also considered the effects of fishing on FADs and ENSO,Catch,Target species as a group,Scombridae,NA,NA,"Yellowfin tuna, Skipjack tune, Big Eye tuna",Fishing productivity (catch per set),NTZ,Galapagos Marine Reserve,El Corralito seasonally closed area and open areas,GAM modelling impact of GMR variable on fishing efficiency in different zones with FADs and ENSO as smooth terms,NA,1,Estimated coefficient of the GMR variable on fishing within 40 nm of the GMR,1.062,0.233,0.233,Yes,NA
1615,Recording results from a GAM that also considered the effects of fishing on FADs and ENSO,Catch,Target species as a group,Scombridae,NA,NA,"Yellowfin tuna, Skipjack tune, Big Eye tuna",Fishing productivity (catch per set),NTZ,Galapagos Marine Reserve,El Corralito seasonally closed area and open areas,GAM modelling impact of GMR variable on fishing efficiency in different zones with FADs and ENSO as smooth terms,NA,2,Average total marginal effect of the GMR variable (at the average level) on fishing within 40 nm of the GMR (%),0.917,NA,NA,Yes,NA
1615,Recording results from a GAM that also considered the effects of fishing on FADs and ENSO,Catch,Target species as a group,Scombridae,NA,NA,"Yellowfin tuna, Skipjack tune, Big Eye tuna",Fishing productivity (catch per set),NTZ,Galapagos Marine Reserve,El Corralito seasonally closed area and open areas,GAM modelling impact of GMR variable on fishing efficiency in different zones with FADs and ENSO as smooth terms,NA,3,R^2 of the model,0.3,NA,NA,Yes,NA
1615,Recording results from a GAM that also considered the effects of fishing on FADs and ENSO,Catch,Target species as a group,Scombridae,NA,NA,"Yellowfin tuna, Skipjack tune, Big Eye tuna",Fishing productivity (catch per set),NTZ,Galapagos Marine Reserve,El Corralito seasonally closed area and open areas,GAM modelling impact of GMR variable on fishing efficiency in different zones with FADs and ENSO as smooth terms,NA,4,Deviance explained by the model (%),0.449,NA,NA,Yes,NA
1615,Recording results from a GAM that also considered the effects of fishing on FADs and ENSO,Catch,Target species as a group,Scombridae,NA,NA,"Yellowfin tuna, Skipjack tune, Big Eye tuna",Fishing productivity (catch per set),NTZ,Galapagos Marine Reserve,El Corralito seasonally closed area and open areas,GAM modelling impact of GMR variable on fishing efficiency in different zones with FADs and ENSO as smooth terms,NA,5,NA,NA,NA,NA,Yes,NA
1615,Recording results from a GAM that also considered the effects of fishing on FADs and ENSO,Catch,Target species as a group,Scombridae,NA,NA,"Yellowfin tuna, Skipjack tuna, Big Eye tuna",Fishing productivity (catch per set),NTZ,Galapagos Marine Reserve,El Corralito seasonally closed area and open areas,GAM modelling impact of GMR variable on fishing efficiency in different zones with FADs and ENSO as smooth terms,NA,NA,NA,NA,NA,NA,NA,NA
1615,Recording results from a GAM that also considered the effects of fishing on FADs and ENSO,Catch,Target species as a group,Scombridae,NA,NA,"Yellowfin tuna, Skipjack tuna, Big Eye tuna",Fishing productivity (catch per set),NTZ,Galapagos Marine Reserve,El Corralito seasonally closed area and open areas,GAM modelling impact of GMR variable on fishing efficiency in different zones with FADs and ENSO as smooth terms,NA,1,Estimated coefficient of the GMR variable on fishing in Ecuador's total EEZ,1.207,0.185,0.185,Yes,NA
1615,Recording results from a GAM that also considered the effects of fishing on FADs and ENSO,Catch,Target species as a group,Scombridae,NA,NA,"Yellowfin tuna, Skipjack tuna, Big Eye tuna",Fishing productivity (catch per set),NTZ,Galapagos Marine Reserve,El Corralito seasonally closed area and open areas,GAM modelling impact of GMR variable on fishing efficiency in different zones with FADs and ENSO as smooth terms,NA,2,Average total marginal effect of the GMR variable (at the average level) on fishing in Ecuador's whole EEZ (%),0.9424,NA,NA,Yes,NA
1615,Recording results from a GAM that also considered the effects of fishing on FADs and ENSO,Catch,Target species as a group,Scombridae,NA,NA,"Yellowfin tuna, Skipjack tuna, Big Eye tuna",Fishing productivity (catch per set),NTZ,Galapagos Marine Reserve,El Corralito seasonally closed area and open areas,GAM modelling impact of GMR variable on fishing efficiency in different zones with FADs and ENSO as smooth terms,NA,3,R^2 of the model,0.53,NA,NA,Yes,NA
1615,Recording results from a GAM that also considered the effects of fishing on FADs and ENSO,Catch,Target species as a group,Scombridae,NA,NA,"Yellowfin tuna, Skipjack tuna, Big Eye tuna",Fishing productivity (catch per set),NTZ,Galapagos Marine Reserve,El Corralito seasonally closed area and open areas,GAM modelling impact of GMR variable on fishing efficiency in different zones with FADs and ENSO as smooth terms,NA,4,Deviance explained by the model (%),0.609,NA,NA,Yes,NA
1615,Recording results from a GAM that also considered the effects of fishing on FADs and ENSO,Catch,Target species as a group,Scombridae,NA,NA,"Yellowfin tuna, Skipjack tuna, Big Eye tuna",Fishing productivity (catch per set),NTZ,Galapagos Marine Reserve,El Corralito seasonally closed area and open areas,GAM modelling impact of GMR variable on fishing efficiency in different zones with FADs and ENSO as smooth terms,NA,5,NA,NA,NA,NA,Yes,NA
1615,Recording results from a GAM that also considered the effects of fishing on FADs and ENSO,Catch,Species,Scombridae,Thunnus,albacares,NA,Fishing productivity (catch per set),NTZ,Galapagos Marine Reserve,El Corralito seasonally closed area and open areas,GAM modelling impact of GMR variable on fishing efficiency in different zones with FADs and ENSO as smooth terms,NA,NA,NA,NA,NA,NA,NA,Thunnus albacares
1615,Recording results from a GAM that also considered the effects of fishing on FADs and ENSO,Catch,Species,Scombridae,Thunnus,albacares,NA,Fishing productivity (catch per set),NTZ,Galapagos Marine Reserve,El Corralito seasonally closed area and open areas,GAM modelling impact of GMR variable on fishing efficiency in different zones with FADs and ENSO as smooth terms,NA,1,Estimated coefficient of the GMR variable on fishing productivity of yellowfin tuna,0.423,0.157,0.157,Yes,Thunnus albacares
1615,Recording results from a GAM that also considered the effects of fishing on FADs and ENSO,Catch,Species,Scombridae,Thunnus,albacares,NA,Fishing productivity (catch per set),NTZ,Galapagos Marine Reserve,El Corralito seasonally closed area and open areas,GAM modelling impact of GMR variable on fishing efficiency in different zones with FADs and ENSO as smooth terms,NA,2,Average total marginal effect of the GMR variable (at the average level) on fishing productivity of yellowfin tuna (%),0.4995,NA,NA,Yes,Thunnus albacares
1615,Recording results from a GAM that also considered the effects of fishing on FADs and ENSO,Catch,Species,Scombridae,Thunnus,albacares,NA,Fishing productivity (catch per set),NTZ,Galapagos Marine Reserve,El Corralito seasonally closed area and open areas,GAM modelling impact of GMR variable on fishing efficiency in different zones with FADs and ENSO as smooth terms,NA,3,R^2 of the model,0.23,NA,NA,Yes,Thunnus albacares
1615,Recording results from a GAM that also considered the effects of fishing on FADs and ENSO,Catch,Species,Scombridae,Thunnus,albacares,NA,Fishing productivity (catch per set),NTZ,Galapagos Marine Reserve,El Corralito seasonally closed area and open areas,GAM modelling impact of GMR variable on fishing efficiency in different zones with FADs and ENSO as smooth terms,NA,4,Deviance explained by the model (%),0.316,NA,NA,Yes,Thunnus albacares
1615,Recording results from a GAM that also considered the effects of fishing on FADs and ENSO,Catch,Species,Scombridae,Thunnus,albacares,NA,Fishing productivity (catch per set),NTZ,Galapagos Marine Reserve,El Corralito seasonally closed area and open areas,GAM modelling impact of GMR variable on fishing efficiency in different zones with FADs and ENSO as smooth terms,NA,5,NA,NA,NA,NA,Yes,Thunnus albacares
1615,Recording results from a GAM that also considered the effects of fishing on FADs and ENSO,Catch,Species,Scombridae,Katsuwonus,pelamis,NA,Fishing productivity (catch per set),NTZ,Galapagos Marine Reserve,El Corralito seasonally closed area and open areas,GAM modelling impact of GMR variable on fishing efficiency in different zones with FADs and ENSO as smooth terms,NA,NA,NA,NA,NA,NA,NA,Katsuwonus pelamis
1615,Recording results from a GAM that also considered the effects of fishing on FADs and ENSO,Catch,Species,Scombridae,Katsuwonus,pelamis,NA,Fishing productivity (catch per set),NTZ,Galapagos Marine Reserve,El Corralito seasonally closed area and open areas,GAM modelling impact of GMR variable on fishing efficiency in different zones with FADs and ENSO as smooth terms,NA,1,Estimated coefficient of the GMR variable on fishing productivity of skipjack tuna,0.954,0.142,0.142,Yes,Katsuwonus pelamis
1615,Recording results from a GAM that also considered the effects of fishing on FADs and ENSO,Catch,Species,Scombridae,Katsuwonus,pelamis,NA,Fishing productivity (catch per set),NTZ,Galapagos Marine Reserve,El Corralito seasonally closed area and open areas,GAM modelling impact of GMR variable on fishing efficiency in different zones with FADs and ENSO as smooth terms,NA,2,Average total marginal effect of the GMR variable (at the average level) on fishing productivity of skipjack tuna,1.011,NA,NA,Yes,Katsuwonus pelamis
1615,Recording results from a GAM that also considered the effects of fishing on FADs and ENSO,Catch,Species,Scombridae,Katsuwonus,pelamis,NA,Fishing productivity (catch per set),NTZ,Galapagos Marine Reserve,El Corralito seasonally closed area and open areas,GAM modelling impact of GMR variable on fishing efficiency in different zones with FADs and ENSO as smooth terms,NA,3,R^2 of the model,0.47,NA,NA,Yes,Katsuwonus pelamis
1615,Recording results from a GAM that also considered the effects of fishing on FADs and ENSO,Catch,Species,Scombridae,Katsuwonus,pelamis,NA,Fishing productivity (catch per set),NTZ,Galapagos Marine Reserve,El Corralito seasonally closed area and open areas,GAM modelling impact of GMR variable on fishing efficiency in different zones with FADs and ENSO as smooth terms,NA,4,Deviance explained by the model (%),0.523,NA,NA,Yes,Katsuwonus pelamis
1615,Recording results from a GAM that also considered the effects of fishing on FADs and ENSO,Catch,Species,Scombridae,Katsuwonus,pelamis,NA,Fishing productivity (catch per set),NTZ,Galapagos Marine Reserve,El Corralito seasonally closed area and open areas,GAM modelling impact of GMR variable on fishing efficiency in different zones with FADs and ENSO as smooth terms,NA,5,NA,NA,NA,NA,Yes,Katsuwonus pelamis
1615,Recording results from a GAM that also considered the effects of fishing on FADs and ENSO,Catch,Species,Scombridae,Thunnus,obesus,NA,Fishing productivity (catch per set),NTZ,Galapagos Marine Reserve,El Corralito seasonally closed area and open areas,GAM modelling impact of GMR variable on fishing efficiency in different zones with FADs and ENSO as smooth terms,NA,NA,NA,NA,NA,NA,Yes,Thunnus obesus
1615,Recording results from a GAM that also considered the effects of fishing on FADs and ENSO,Catch,Species,Scombridae,Thunnus,obesus,NA,Fishing productivity (catch per set),NTZ,Galapagos Marine Reserve,El Corralito seasonally closed area and open areas,GAM modelling impact of GMR variable on fishing efficiency in different zones with FADs and ENSO as smooth terms,NA,1,Estimated coefficient of the GMR variable on fishing productivity of big eye tuna,-0.022,0.106,0.106,No,Thunnus obesus
1615,Recording results from a GAM that also considered the effects of fishing on FADs and ENSO,Catch,Species,Scombridae,Thunnus,obesus,NA,Fishing productivity (catch per set),NTZ,Galapagos Marine Reserve,El Corralito seasonally closed area and open areas,GAM modelling impact of GMR variable on fishing efficiency in different zones with FADs and ENSO as smooth terms,NA,2,Average total marginal effect of the GMR variable (at the average level) on fishing productivity of big eye tuna,-0.0022,NA,NA,No,Thunnus obesus
1615,Recording results from a GAM that also considered the effects of fishing on FADs and ENSO,Catch,Species,Scombridae,Thunnus,obesus,NA,Fishing productivity (catch per set),NTZ,Galapagos Marine Reserve,El Corralito seasonally closed area and open areas,GAM modelling impact of GMR variable on fishing efficiency in different zones with FADs and ENSO as smooth terms,NA,3,R^2 of the model,0.51,NA,NA,No,Thunnus obesus
1615,Recording results from a GAM that also considered the effects of fishing on FADs and ENSO,Catch,Species,Scombridae,Thunnus,obesus,NA,Fishing productivity (catch per set),NTZ,Galapagos Marine Reserve,El Corralito seasonally closed area and open areas,GAM modelling impact of GMR variable on fishing efficiency in different zones with FADs and ENSO as smooth terms,NA,4,Deviance explained by the model (%),0.566,NA,NA,No,Thunnus obesus
1615,Recording results from a GAM that also considered the effects of fishing on FADs and ENSO,Catch,Species,Scombridae,Thunnus,obesus,NA,Fishing productivity (catch per set),NTZ,Galapagos Marine Reserve,El Corralito seasonally closed area and open areas,GAM modelling impact of GMR variable on fishing efficiency in different zones with FADs and ENSO as smooth terms,NA,5,NA,NA,NA,NA,No,Thunnus obesus
1615,Recording results from a GAM that also considered the effects of fishing on FADs and ENSO,Catch,Target species as a group,Scombridae,NA,NA,"Yellowfin tuna, Skipjack tuna, Big Eye tuna",Fishing productivity (catch per set),NTZ,Galapagos Marine Reserve,El Corralito seasonally closed area and open areas,GAM modelling impact of GMR variable on fishing efficiency in different zones with FADs and ENSO as smooth terms,NA,NA,NA,NA,NA,NA,No,NA
1615,Recording results from a GAM that also considered the effects of fishing on FADs and ENSO,Catch,Target species as a group,Scombridae,NA,NA,"Yellowfin tuna, Skipjack tuna, Big Eye tuna",Fishing productivity (catch per set),NTZ,Galapagos Marine Reserve,El Corralito seasonally closed area and open areas,GAM modelling impact of GMR variable on fishing efficiency in different zones with FADs and ENSO as smooth terms,NA,1,Estimated coefficient of the GMR variable on fishing in El Corralito,1.233,0.661,0.661,Yes,NA
1615,Recording results from a GAM that also considered the effects of fishing on FADs and ENSO,Catch,Target species as a group,Scombridae,NA,NA,"Yellowfin tuna, Skipjack tuna, Big Eye tuna",Fishing productivity (catch per set),NTZ,Galapagos Marine Reserve,El Corralito seasonally closed area and open areas,GAM modelling impact of GMR variable on fishing efficiency in different zones with FADs and ENSO as smooth terms,NA,2,Average total marginal effect of the GMR variable (at the average level) on fishing in El Corralito (%),0.3536,NA,NA,Yes,NA
1615,Recording results from a GAM that also considered the effects of fishing on FADs and ENSO,Catch,Target species as a group,Scombridae,NA,NA,"Yellowfin tuna, Skipjack tuna, Big Eye tuna",Fishing productivity (catch per set),NTZ,Galapagos Marine Reserve,El Corralito seasonally closed area and open areas,GAM modelling impact of GMR variable on fishing efficiency in different zones with FADs and ENSO as smooth terms,NA,3,R^2 of the model,0.36,NA,NA,Yes,NA
1615,Recording results from a GAM that also considered the effects of fishing on FADs and ENSO,Catch,Target species as a group,Scombridae,NA,NA,"Yellowfin tuna, Skipjack tuna, Big Eye tuna",Fishing productivity (catch per set),NTZ,Galapagos Marine Reserve,El Corralito seasonally closed area and open areas,GAM modelling impact of GMR variable on fishing efficiency in different zones with FADs and ENSO as smooth terms,NA,4,Deviance explained by the model (%),0.461,NA,NA,Yes,NA
1615,Recording results from a GAM that also considered the effects of fishing on FADs and ENSO,Catch,Target species as a group,Scombridae,NA,NA,"Yellowfin tuna, Skipjack tuna, Big Eye tuna",Fishing productivity (catch per set),NTZ,Galapagos Marine Reserve,El Corralito seasonally closed area and open areas,GAM modelling impact of GMR variable on fishing efficiency in different zones with FADs and ENSO as smooth terms,NA,5,NA,NA,NA,NA,Yes,NA
518,Results comes from a combination of tag data and fishing catches that were then modelled together,Catch,Species,Palinuridae,Palinurus,elephas,NA,Catch (numbers or weight),NTZ,Columbretes Islands Marine Reserve,Yes,Model estaimtes of tagged population size and emigration probabilities used to calculate spillover and harvested spillover,"These results are for males and females combined, there are additional results for males/females separately if we want to get them",NA,NA,NA,NA,NA,NA,Palinurus elephas
518,Results comes from a combination of tag data and fishing catches that were then modelled together,Catch,Species,Palinuridae,Palinurus,elephas,NA,Catch (numbers or weight),NTZ,Columbretes Islands Marine Reserve,Yes,Model estaimtes of tagged population size and emigration probabilities used to calculate spillover and harvested spillover,"These results are for males and females combined, there are additional results for males/females separately if we want to get them",1,Spillover in N lobs per eyar,2065,2124,2124,NA,Palinurus elephas
518,Results comes from a combination of tag data and fishing catches that were then modelled together,Catch,Species,Palinuridae,Palinurus,elephas,NA,Catch (numbers or weight),NTZ,Columbretes Islands Marine Reserve,Yes,Model estaimtes of tagged population size and emigration probabilities used to calculate spillover and harvested spillover,"These results are for males and females combined, there are additional results for males/females separately if we want to get them",2,Spillover in kg lobster per year,2069,2167,2167,NA,Palinurus elephas
518,Results comes from a combination of tag data and fishing catches that were then modelled together,Catch,Species,Palinuridae,Palinurus,elephas,NA,Catch (numbers or weight),NTZ,Columbretes Islands Marine Reserve,Yes,Model estaimtes of tagged population size and emigration probabilities used to calculate spillover and harvested spillover,"These results are for males and females combined, there are additional results for males/females separately if we want to get them",3,Harvested spillover in number of lobster per year,1828,1890,1890,NA,Palinurus elephas
518,Results comes from a combination of tag data and fishing catches that were then modelled together,Catch,Species,Palinuridae,Palinurus,elephas,NA,Catch (numbers or weight),NTZ,Columbretes Islands Marine Reserve,Yes,Model estaimtes of tagged population size and emigration probabilities used to calculate spillover and harvested spillover,"These results are for males and females combined, there are additional results for males/females separately if we want to get them",4,Harvested spillover in kg of lobster per year,1861,1938,1938,NA,Palinurus elephas
518,Results comes from a combination of tag data and fishing catches that were then modelled together,Catch,Species,Palinuridae,Palinurus,elephas,NA,Catch (numbers or weight),NTZ,Columbretes Islands Marine Reserve,Yes,Model estaimtes of tagged population size and emigration probabilities used to calculate spillover and harvested spillover,"These results are for males and females combined, there are additional results for males/females separately if we want to get them",5,Abundance of lobster in reserve,31143,11448,11448,NA,Palinurus elephas
422,Results of a PERMANOVA on density adult fish and settlers,Transect count,Species,Sparidae,Diplodus,sargus sargus,NA,Density,NTZ,Torre Guaceto Marine Protected Area,Partially protected area with controlled fishing then open,Results from a PERMANOVA,Study measured distance in both north south direction of approx. 100 km,NA,NA,NA,NA,NA,NA,Diplodus sargus sargus
422,Results of a PERMANOVA on density adult fish and settlers,Transect count,Species,Sparidae,Diplodus,sargus sargus,NA,Density,NTZ,Torre Guaceto Marine Protected Area,Partially protected area with controlled fishing then open,Results from a PERMANOVA,Study measured distance in both north south direction of approx. 100 km,1,Effect of distance on density of adult D. sargus sargus (Mean Square),21.16,NA,NA,Yes,Diplodus sargus sargus
422,Results of a PERMANOVA on density adult fish and settlers,Transect count,Species,Sparidae,Diplodus,sargus sargus,NA,Density,NTZ,Torre Guaceto Marine Protected Area,Partially protected area with controlled fishing then open,Results from a PERMANOVA,Study measured distance in both north south direction of approx. 100 km,2,Effect of distance on density of adult D. sargus sargus (Psuedo-F)),4.81,NA,NA,Yes,Diplodus sargus sargus
422,Results of a PERMANOVA on density adult fish and settlers,Transect count,Species,Sparidae,Diplodus,sargus sargus,NA,Density,NTZ,Torre Guaceto Marine Protected Area,Partially protected area with controlled fishing then open,Results from a PERMANOVA,Study measured distance in both north south direction of approx. 100 km,3,Effect of distance on density of D. sargus sargus settlers (Mean Square),5531.8,NA,NA,No,Diplodus sargus sargus
422,Results of a PERMANOVA on density adult fish and settlers,Transect count,Species,Sparidae,Diplodus,sargus sargus,NA,Density,NTZ,Torre Guaceto Marine Protected Area,Partially protected area with controlled fishing then open,Results from a PERMANOVA,Study measured distance in both north south direction of approx. 100 km,4,Effect of distance on density of D. sargus sargus settlers (Pseudo-F),0.49,NA,NA,No,Diplodus sargus sargus
422,Results of a PERMANOVA on density adult fish and settlers,Transect count,Species,Sparidae,Diplodus,sargus sargus,NA,Density,NTZ,Torre Guaceto Marine Protected Area,Partially protected area with controlled fishing then open,Results from a PERMANOVA,Study measured distance in both north south direction of approx. 100 km,5,NA,NA,NA,NA,NA,Diplodus sargus sargus
422,Results of a PERMANOVA on biomass data of adult fish,Transect count,Species,Sparidae,Diplodus,sargus sargus,NA,Biomass,NTZ,Torre Guaceto Marine Protected Area,Partially protected area with controlled fishing then open,Results from a PERMANOVA,NA,NA,NA,NA,NA,NA,NA,Diplodus sargus sargus
422,Results of a PERMANOVA on biomass data of adult fish,Transect count,Species,Sparidae,Diplodus,sargus sargus,NA,Biomass,NTZ,Torre Guaceto Marine Protected Area,Partially protected area with controlled fishing then open,Results from a PERMANOVA,NA,1,Effect of distance on density of biomass D. sargus sargus (Mean Square),1970000,NA,NA,Yes,Diplodus sargus sargus
422,Results of a PERMANOVA on biomass data of adult fish,Transect count,Species,Sparidae,Diplodus,sargus sargus,NA,Biomass,NTZ,Torre Guaceto Marine Protected Area,Partially protected area with controlled fishing then open,Results from a PERMANOVA,NA,2,Effect of distance on density of biomass D. sargus sargus (Pseudo-F),42.48,NA,NA,Yes,Diplodus sargus sargus
422,Results of a PERMANOVA on biomass data of adult fish,Transect count,Species,Sparidae,Diplodus,sargus sargus,NA,Biomass,NTZ,Torre Guaceto Marine Protected Area,Partially protected area with controlled fishing then open,Results from a PERMANOVA,NA,3,NA,NA,NA,NA,NA,Diplodus sargus sargus
422,Results of a PERMANOVA on biomass data of adult fish,Transect count,Species,Sparidae,Diplodus,sargus sargus,NA,Biomass,NTZ,Torre Guaceto Marine Protected Area,Partially protected area with controlled fishing then open,Results from a PERMANOVA,NA,4,NA,NA,NA,NA,NA,Diplodus sargus sargus
422,Results of a PERMANOVA on biomass data of adult fish,Transect count,Species,Sparidae,Diplodus,sargus sargus,NA,Biomass,NTZ,Torre Guaceto Marine Protected Area,Partially protected area with controlled fishing then open,Results from a PERMANOVA,NA,5,NA,NA,NA,NA,NA,Diplodus sargus sargus
682,"Had transects both north and south across integral, buffer and open zone",Linear regression (e.g. a slope representing a gradient across a distance),Transect count,NA,NA,NA,NA,Total fish biomass,NTZ,Cèrberes-Banyuls Marine Reserve,Buffer zone then open,"DISTLM of total biomass against distance to reserve centre, accounting for depth and habitat complexity",NA,1,Pseudo-F,1.841,NA,NA,Yes,NA
682,"Had transects both north and south across integral, buffer and open zone",Linear regression (e.g. a slope representing a gradient across a distance),Transect count,NA,NA,NA,NA,Total fish biomass,NTZ,Cèrberes-Banyuls Marine Reserve,Buffer zone then open,"DISTLM of total biomass against distance to reserve centre, accounting for depth and habitat complexity",NA,2,% unique variation explained,11.65,NA,NA,Yes,NA
1595,Total catch <30 m,Catch,Target species as a group,NA,NA,NA,"Mullus surmuletus, Pagellus erythrinus, Sparus aurata, Merluccius merluccius, Dicentrarchus labrax, Lithognathus mormyrus, Solea vulgaris",CPUE,NTZ,Medes Islands Marine Reserve,Yes,Universal Kriging,All the results are spatial so really hard to know how to input this,1,RMSE,18.81,NA,NA,Yes,NA
1595,Total catch >30 m,Catch,Target species as a group,NA,NA,NA,"Mullus surmuletus, Pagellus erythrinus, Sparus aurata, Merluccius merluccius, Dicentrarchus labrax, Lithognathus mormyrus, Solea vulgaris",CPUE,NTZ,Medes Islands Marine Reserve,Yes,Universal Kriging,All the results are spatial so really hard to know how to input this,1,RMSE,21.68,NA,NA,Yes,NA
1595,CPUE of P. erythrinus,Catch,Species,Sparidae,Pagellus,erythrinus,NA,CPUE,NTZ,Medes Islands Marine Reserve,Yes,Universal Kriging,All the results are spatial so really hard to know how to input this,1,RMSE,2.61,NA,NA,Yes,Pagellus erythrinus
1595,CPUE of P. erythrinus,Catch,Species,Mullidae,Mullus,surmuletus,NA,CPUE,NTZ,Medes Islands Marine Reserve,Yes,Universal Kriging,All the results are spatial so really hard to know how to input this,1,RMSE,6096.8,NA,NA,No,Mullus surmuletus
1595,Length of P. erythrinus,Catch,Species,Sparidae,Pagellus,erythrinus,NA,Fish length,NTZ,Medes Islands Marine Reserve,Yes,Universal Kriging,All the results are spatial so really hard to know how to input this,1,RMSE,7.17,NA,NA,Yes,Pagellus erythrinus
1595,Length of P. erythrinus,Catch,Species,Mullidae,Mullus,surmuletus,NA,Fish length,NTZ,Medes Islands Marine Reserve,Yes,Universal Kriging,All the results are spatial so really hard to know how to input this,1,RMSE,4.52,NA,NA,No,Mullus surmuletus