paper.id,comments,result.index,method,sample.unit,family,genus,species,functional.group,metric,ci.type,zone.type,mpa.name,management.in.the.outside.area,result.inside,upper.ci.inside,lower.ci.inside,result.outside,upper.ci.outside,lower.ci.outside,metric.units,distance.in.out,significant,full.name,spillover.distance
65,1989,1,Transect count,Individual species,Pectinidae,Pecten,maximus,NA,Density,Standard error,PPG,NA,Open to fishing,0.5,0.5,0.5,1,1,1,number/100m^2,NA,No,Pecten maximus,
65,1989,2,NA,NA,NA,NA,NA,NA,NA,NA,NA,NA,NA,NA,NA,NA,NA,NA,NA,NA,NA,No,NA,
65,1989,3,NA,NA,NA,NA,NA,NA,NA,NA,NA,NA,NA,NA,NA,NA,NA,NA,NA,NA,NA,No,NA,
65,1989,4,NA,NA,NA,NA,NA,NA,NA,NA,NA,NA,NA,NA,NA,NA,NA,NA,NA,NA,NA,No,NA,
65,1989,5,NA,NA,NA,NA,NA,NA,NA,NA,NA,NA,NA,NA,NA,NA,NA,NA,NA,NA,NA,No,NA,
65,1990,1,Transect count,Individual species,Pectinidae,Pecten,maximus,NA,Density,Standard error,PPG,NA,Open to fishing,1,1,1,NA,NA,NA,number/100m^2,NA,No,Pecten maximus,
65,1990,2,NA,NA,NA,NA,NA,NA,NA,NA,NA,NA,NA,NA,NA,NA,NA,NA,NA,NA,NA,No,NA,
65,1990,3,NA,NA,NA,NA,NA,NA,NA,NA,NA,NA,NA,NA,NA,NA,NA,NA,NA,NA,NA,No,NA,
65,1990,4,NA,NA,NA,NA,NA,NA,NA,NA,NA,NA,NA,NA,NA,NA,NA,NA,NA,NA,NA,No,NA,
65,1990,5,NA,NA,NA,NA,NA,NA,NA,NA,NA,NA,NA,NA,NA,NA,NA,NA,NA,NA,NA,No,NA,
65,1992,1,Transect count,Individual species,Pectinidae,Pecten,maximus,NA,Density,Standard error,PPG,NA,Open to fishing,1.25,1.5,1,NA,NA,NA,number/100m^2,NA,No,Pecten maximus,
65,1992,2,NA,NA,NA,NA,NA,NA,NA,NA,NA,NA,NA,NA,NA,NA,NA,NA,NA,NA,NA,No,NA,
65,1992,3,NA,NA,NA,NA,NA,NA,NA,NA,NA,NA,NA,NA,NA,NA,NA,NA,NA,NA,NA,No,NA,
65,1992,4,NA,NA,NA,NA,NA,NA,NA,NA,NA,NA,NA,NA,NA,NA,NA,NA,NA,NA,NA,No,NA,
65,1992,5,NA,NA,NA,NA,NA,NA,NA,NA,NA,NA,NA,NA,NA,NA,NA,NA,NA,NA,NA,No,NA,
65,1994,1,Transect count,Individual species,Pectinidae,Pecten,maximus,NA,Density,Standard error,PPG,NA,Open to fishing,2.25,2.5,2,NA,NA,NA,number/100m^2,NA,No,Pecten maximus,
65,1994,2,NA,NA,NA,NA,NA,NA,NA,NA,NA,NA,NA,NA,NA,NA,NA,NA,NA,NA,NA,No,NA,
65,1994,3,NA,NA,NA,NA,NA,NA,NA,NA,NA,NA,NA,NA,NA,NA,NA,NA,NA,NA,NA,No,NA,
65,1994,4,NA,NA,NA,NA,NA,NA,NA,NA,NA,NA,NA,NA,NA,NA,NA,NA,NA,NA,NA,No,NA,
65,1994,5,NA,NA,NA,NA,NA,NA,NA,NA,NA,NA,NA,NA,NA,NA,NA,NA,NA,NA,NA,No,NA,
65,1996,1,Transect count,Individual species,Pectinidae,Pecten,maximus,NA,Density,Standard error,PPG,NA,Open to fishing,2.2,2.4,1.9,0.5,0.5,0.5,number/100m^2,NA,No,Pecten maximus,
65,1996,2,NA,NA,NA,NA,NA,NA,NA,NA,NA,NA,NA,NA,NA,NA,NA,NA,NA,NA,NA,No,NA,
65,1996,3,NA,NA,NA,NA,NA,NA,NA,NA,NA,NA,NA,NA,NA,NA,NA,NA,NA,NA,NA,No,NA,
65,1996,4,NA,NA,NA,NA,NA,NA,NA,NA,NA,NA,NA,NA,NA,NA,NA,NA,NA,NA,NA,No,NA,
65,1996,5,NA,NA,NA,NA,NA,NA,NA,NA,NA,NA,NA,NA,NA,NA,NA,NA,NA,NA,NA,No,NA,
65,1998,1,Transect count,Individual species,Pectinidae,Pecten,maximus,NA,Density,Standard error,PPG,NA,Open to fishing,3,4,2.5,2,2.6,1,number/100m^2,NA,No,Pecten maximus,
65,1998,2,NA,NA,NA,NA,NA,NA,NA,NA,NA,NA,NA,NA,NA,NA,NA,NA,NA,NA,NA,No,NA,
65,1998,3,NA,NA,NA,NA,NA,NA,NA,NA,NA,NA,NA,NA,NA,NA,NA,NA,NA,NA,NA,No,NA,
65,1998,4,NA,NA,NA,NA,NA,NA,NA,NA,NA,NA,NA,NA,NA,NA,NA,NA,NA,NA,NA,No,NA,
65,1998,5,NA,NA,NA,NA,NA,NA,NA,NA,NA,NA,NA,NA,NA,NA,NA,NA,NA,NA,NA,No,NA,
65,1999,1,Transect count,Individual species,Pectinidae,Pecten,maximus,NA,Density,Standard error,PPG,NA,Open to fishing,5,6.5,2.6,2.6,2.6,2.6,number/100m^2,NA,No,Pecten maximus,
65,1999,2,NA,NA,NA,NA,NA,NA,NA,NA,NA,NA,NA,NA,NA,NA,NA,NA,NA,NA,NA,No,NA,
65,1999,3,NA,NA,NA,NA,NA,NA,NA,NA,NA,NA,NA,NA,NA,NA,NA,NA,NA,NA,NA,No,NA,
65,1999,4,NA,NA,NA,NA,NA,NA,NA,NA,NA,NA,NA,NA,NA,NA,NA,NA,NA,NA,NA,No,NA,
65,1999,5,NA,NA,NA,NA,NA,NA,NA,NA,NA,NA,NA,NA,NA,NA,NA,NA,NA,NA,NA,No,NA,
65,2000,1,Transect count,Individual species,Pectinidae,Pecten,maximus,NA,Density,Standard error,PPG,NA,Open to fishing,7.5,10.1,4.9,4.9,6.2,3.5,number/100m^2,NA,No,Pecten maximus,
65,2000,2,NA,NA,NA,NA,NA,NA,NA,NA,NA,NA,NA,NA,NA,NA,NA,NA,NA,NA,NA,No,NA,
65,2000,3,NA,NA,NA,NA,NA,NA,NA,NA,NA,NA,NA,NA,NA,NA,NA,NA,NA,NA,NA,No,NA,
65,2000,4,NA,NA,NA,NA,NA,NA,NA,NA,NA,NA,NA,NA,NA,NA,NA,NA,NA,NA,NA,No,NA,
65,2000,5,NA,NA,NA,NA,NA,NA,NA,NA,NA,NA,NA,NA,NA,NA,NA,NA,NA,NA,NA,No,NA,
65,2001,1,Transect count,Individual species,Pectinidae,Pecten,maximus,NA,Density,Standard error,PPG,NA,Open to fishing,21,22.5,18,NA,NA,NA,number/100m^2,NA,No,Pecten maximus,
65,2001,2,NA,NA,NA,NA,NA,NA,NA,NA,NA,NA,NA,NA,NA,NA,NA,NA,NA,NA,NA,No,NA,
65,2001,3,NA,NA,NA,NA,NA,NA,NA,NA,NA,NA,NA,NA,NA,NA,NA,NA,NA,NA,NA,No,NA,
65,2001,4,NA,NA,NA,NA,NA,NA,NA,NA,NA,NA,NA,NA,NA,NA,NA,NA,NA,NA,NA,No,NA,
65,2001,5,NA,NA,NA,NA,NA,NA,NA,NA,NA,NA,NA,NA,NA,NA,NA,NA,NA,NA,NA,No,NA,
65,2002,1,Transect count,Individual species,Pectinidae,Pecten,maximus,NA,Density,Standard error,PPG,NA,Open to fishing,7.5,8.2,6.5,3,6.5,2,number/100m^2,NA,No,Pecten maximus,
65,2002,2,NA,NA,NA,NA,NA,NA,NA,NA,NA,NA,NA,NA,NA,NA,NA,NA,NA,NA,NA,No,NA,
65,2002,3,NA,NA,NA,NA,NA,NA,NA,NA,NA,NA,NA,NA,NA,NA,NA,NA,NA,NA,NA,No,NA,
65,2002,4,NA,NA,NA,NA,NA,NA,NA,NA,NA,NA,NA,NA,NA,NA,NA,NA,NA,NA,NA,No,NA,
65,2002,5,NA,NA,NA,NA,NA,NA,NA,NA,NA,NA,NA,NA,NA,NA,NA,NA,NA,NA,NA,No,NA,
65,2003,1,Transect count,Individual species,Pectinidae,Pecten,maximus,NA,Density,Standard error,PPG,NA,Open to fishing,13.5,17,10.15,2.6,4.6,1.5,number/100m^2,NA,No,Pecten maximus,
65,2003,2,NA,NA,NA,NA,NA,NA,NA,NA,NA,NA,NA,NA,NA,NA,NA,NA,NA,NA,NA,No,NA,
65,2003,3,NA,NA,NA,NA,NA,NA,NA,NA,NA,NA,NA,NA,NA,NA,NA,NA,NA,NA,NA,No,NA,
65,2003,4,NA,NA,NA,NA,NA,NA,NA,NA,NA,NA,NA,NA,NA,NA,NA,NA,NA,NA,NA,No,NA,
65,2003,5,NA,NA,NA,NA,NA,NA,NA,NA,NA,NA,NA,NA,NA,NA,NA,NA,NA,NA,NA,No,NA,
107,CPUE,1,Catch,Individual species,Sparidae,Chrysoblephus,puniceus,NA,Catch per unit effort (CPUE),Standard deviation,NTZ,NA,commercial fishing prohibited ,3.05,3.1,NA,0.82,1.1,NA,fish caught/hours fished,NA,Yes,Chrysoblephus puniceus,
107,CPUE,2,Catch,Species,Sparidae,Polysteganus,praeorbitalis,NA,Catch per unit effort (CPUE),Standard deviation,NTZ,NA,commercial fishing prohibited,1.23,1.5,NA,0.32,0.6,NA,fish caught/hours fished,NA,No,Polysteganus praeorbitalis,
107,CPUE,3,Catch,Species,Sparidae,Cymatoceps,nasutus,NA,Catch per unit effort (CPUE),Standard deviation,NTZ,NA,commercial fishing prohibited,0.37,0.5,NA,0.23,0.4,NA,fish caught/hours fished,NA,No,Cymatoceps nasutus,
107,CPUE,4,Catch,Species,Epinephelidae,Epinephelus,marginatus,NA,Catch per unit effort (CPUE),Standard deviation,NTZ,NA,commercial fishing prohibited,0.57,0.7,NA,0.14,0.3,NA,fish caught/hours fished,NA,No,Epinephelus marginatus,
107,CPUE,5,NA,NA,NA,NA,NA,NA,NA,NA,NA,NA,NA,NA,NA,NA,NA,NA,NA,NA,NA,No,NA,
107,Length,1,Catch,Individual species,Sparidae,Chrysoblephus,puniceus,NA,Fish size,Standard deviation,NTZ,NA,commercial fishing prohibited ,293,33,NA,240,32,NA,fork length (mm),NA,No,Chrysoblephus puniceus,
107,Length,2,Catch,Species,Sparidae,Polysteganus,praeorbitalis,NA,Fish size,Standard deviation,NTZ,NA,commercial fishing prohibited,415,71,NA,359,65,NA,fork length (mm),NA,No,Polysteganus praeorbitalis,
107,Length,3,Catch,Species,Sparidae,Cymatoceps,nasutus,NA,Fish size,Standard deviation,NTZ,NA,commercial fishing prohibited,417,116,NA,380,118,NA,fork length (mm),NA,No,Cymatoceps nasutus,
107,Length,4,Catch,Species,Epinephelidae,Epinephelus,marginatus,NA,Fish size,Standard deviation,NTZ,NA,commercial fishing prohibited,495,102,NA,435,86,NA,total length (mm),NA,No,Epinephelus marginatus,
107,Length,5,NA,NA,NA,NA,NA,NA,NA,NA,NA,NA,NA,NA,NA,NA,NA,NA,NA,NA,NA,No,NA,
147,Length (deep),1,Catch,Individual species,Epinephelidae,Epinephelus,striatus,NA,Fish size,Standard deviation,PPG,Admiral Cockburn Land and Sea,lightly fished,62,71.5,52.5,57,70.8,43.2,total length (cm),NA,No,Epinephelus striatus,
147,Length (deep),2,Catch,Species,Epinephelidae,Epinephelus,striatus,NA,Fish size,Standard deviation,PPO,Admiral Cockburn Land and Sea,Open to fishing,NA,NA,NA,61,66.5,54.5,total length (cm),NA,No,Epinephelus striatus,
147,Length (deep),3,NA,NA,NA,NA,NA,NA,NA,NA,NA,Admiral Cockburn Land and Sea,NA,NA,NA,NA,NA,NA,NA,NA,NA,No,NA,
147,Length (deep),4,NA,NA,NA,NA,NA,NA,NA,NA,NA,Admiral Cockburn Land and Sea,NA,NA,NA,NA,NA,NA,NA,NA,NA,No,NA,
147,Length (deep),5,NA,NA,NA,NA,NA,NA,NA,NA,NA,Admiral Cockburn Land and Sea,NA,NA,NA,NA,NA,NA,NA,NA,NA,No,NA,
147,Length (shallow),1,Catch,Individual species,Epinephelidae,Epinephelus,striatus,NA,Fish size,Standard deviation,PPG,Admiral Cockburn Land and Sea,lightly fished,61,73.8,48.2,59,64.7,53.3,total length (cm),NA,No,Epinephelus striatus,
147,Length (shallow),2,Catch,Species,Epinephelidae,Epinephelus,striatus,NA,Fish size,Standard deviation,PPO,Admiral Cockburn Land and Sea,Open to fishing,NA,NA,NA,58,72.5,43.5,total length (cm),NA,No,Epinephelus striatus,
147,Length (shallow),3,NA,NA,NA,NA,NA,NA,NA,NA,NA,Admiral Cockburn Land and Sea,NA,NA,NA,NA,NA,NA,NA,NA,NA,No,NA,
147,Length (shallow),4,NA,NA,NA,NA,NA,NA,NA,NA,NA,Admiral Cockburn Land and Sea,NA,NA,NA,NA,NA,NA,NA,NA,NA,No,NA,
147,Length (shallow),5,NA,NA,NA,NA,NA,NA,NA,NA,NA,Admiral Cockburn Land and Sea,NA,NA,NA,NA,NA,NA,NA,NA,NA,No,NA,
147,Density (deep),1,Catch,Individual species,Epinephelidae,Epinephelus,striatus,NA,Density,Standard deviation,PPG,Admiral Cockburn Land and Sea,lightly fished,0.61,0.91,0.31,0.9,1.3,0.5,individuals per 100 m^2,NA,No,Epinephelus striatus,
147,Density (deep),2,Catch,Species,Epinephelidae,Epinephelus,striatus,NA,Density,Standard deviation,PPO,Admiral Cockburn Land and Sea,Open to fishing,NA,NA,NA,0.65,1.05,0.25,individuals per 100 m^2,NA,No,Epinephelus striatus,
147,Density (deep),3,NA,NA,NA,NA,NA,NA,NA,NA,NA,Admiral Cockburn Land and Sea,NA,NA,NA,NA,NA,NA,NA,NA,NA,No,NA,
147,Density (deep),4,NA,NA,NA,NA,NA,NA,NA,NA,NA,Admiral Cockburn Land and Sea,NA,NA,NA,NA,NA,NA,NA,NA,NA,No,NA,
147,Density (deep),5,NA,NA,NA,NA,NA,NA,NA,NA,NA,Admiral Cockburn Land and Sea,NA,NA,NA,NA,NA,NA,NA,NA,NA,No,NA,
147,Density (shallow),1,Catch,Individual species,Epinephelidae,Epinephelus,striatus,NA,Density,Standard deviation,PPG,Admiral Cockburn Land and Sea,lightly fished,0.55,1.05,0.05,0.65,1.15,0.15,individuals per 100 m^2,NA,No,Epinephelus striatus,
147,Density (shallow),2,Catch,Species,Epinephelidae,Epinephelus,striatus,NA,Density,Standard deviation,PPO,Admiral Cockburn Land and Sea,Open to fishing,NA,NA,NA,0.45,0.85,0.05,individuals per 100 m^2,NA,No,Epinephelus striatus,
147,Density (shallow),3,NA,NA,NA,NA,NA,NA,NA,NA,NA,Admiral Cockburn Land and Sea,NA,NA,NA,NA,NA,NA,NA,NA,NA,No,NA,
147,Density (shallow),4,NA,NA,NA,NA,NA,NA,NA,NA,NA,Admiral Cockburn Land and Sea,NA,NA,NA,NA,NA,NA,NA,NA,NA,No,NA,
147,Density (shallow),5,NA,NA,NA,NA,NA,NA,NA,NA,NA,Admiral Cockburn Land and Sea,NA,NA,NA,NA,NA,NA,NA,NA,NA,No,NA,
147,Biomass (deep),1,Catch,Individual species,Epinephelidae,Epinephelus,striatus,NA,Biomass,Standard deviation,PPG,Admiral Cockburn Land and Sea,lightly fished,3660,5279,2041,4895,5659,4131,g wet wt per 100 m^2,NA,No,Epinephelus striatus,
147,Biomass (deep),2,Catch,Species,Epinephelidae,Epinephelus,striatus,NA,Biomass,Standard deviation,PPO,Admiral Cockburn Land and Sea,Open to fishing,NA,NA,NA,3900,5161,2639,g wet wt per 100 m^2,NA,No,Epinephelus striatus,
147,Biomass (deep),3,NA,NA,NA,NA,NA,NA,NA,NA,NA,Admiral Cockburn Land and Sea,NA,NA,NA,NA,NA,NA,NA,NA,NA,No,NA,
147,Biomass (deep),4,NA,NA,NA,NA,NA,NA,NA,NA,NA,Admiral Cockburn Land and Sea,NA,NA,NA,NA,NA,NA,NA,NA,NA,No,NA,
147,Biomass (deep),5,NA,NA,NA,NA,NA,NA,NA,NA,NA,Admiral Cockburn Land and Sea,NA,NA,NA,NA,NA,NA,NA,NA,NA,No,NA,
147,Biomass (shallow),1,Catch,Individual species,Epinephelidae,Epinephelus,striatus,NA,Biomass,Standard deviation,PPG,Admiral Cockburn Land and Sea,lightly fished,3300,4217,2083,3535,4105,2965,g wet wt per 100 m^2,NA,No,Epinephelus striatus,
147,Biomass (shallow),2,Catch,Species,Epinephelidae,Epinephelus,striatus,NA,Biomass,Standard deviation,PPO,Admiral Cockburn Land and Sea,Open to fishing,NA,NA,NA,2448,3691,1205,g wet wt per 100 m^2,NA,No,Epinephelus striatus,
147,Biomass (shallow),3,NA,NA,NA,NA,NA,NA,NA,NA,NA,Admiral Cockburn Land and Sea,NA,NA,NA,NA,NA,NA,NA,NA,NA,No,NA,
147,Biomass (shallow),4,NA,NA,NA,NA,NA,NA,NA,NA,NA,Admiral Cockburn Land and Sea,NA,NA,NA,NA,NA,NA,NA,NA,NA,No,NA,
147,Biomass (shallow),5,NA,NA,NA,NA,NA,NA,NA,NA,NA,Admiral Cockburn Land and Sea,NA,NA,NA,NA,NA,NA,NA,NA,NA,No,NA,
147,Length (deep),1,Catch,Individual species,Labridae,Lachnolaimus,maximus,NA,Fish size,Standard deviation,PPG,Admiral Cockburn Land and Sea,lightly fished,31,38.2,23.8,32,39.8,24.2,total length (cm),NA,Yes,Lachnolaimus maximus,
147,Length (deep),2,Catch,Species,Labridae,Lachnolaimus,maximus,NA,Fish size,Standard deviation,PPO,Admiral Cockburn Land and Sea,Open to fishing,NA,NA,NA,24,32.6,15.4,total length (cm),NA,Yes,Lachnolaimus maximus,
147,Length (deep),3,NA,NA,NA,NA,NA,NA,NA,NA,NA,Admiral Cockburn Land and Sea,NA,NA,NA,NA,NA,NA,NA,NA,NA,Yes,NA,
147,Length (deep),4,NA,NA,NA,NA,NA,NA,NA,NA,NA,Admiral Cockburn Land and Sea,NA,NA,NA,NA,NA,NA,NA,NA,NA,Yes,NA,
147,Length (deep),5,NA,NA,NA,NA,NA,NA,NA,NA,NA,Admiral Cockburn Land and Sea,NA,NA,NA,NA,NA,NA,NA,NA,NA,Yes,NA,
147,Length (shallow),1,Catch,Individual species,Labridae,Lachnolaimus,maximus,NA,Fish size,Standard deviation,PPG,Admiral Cockburn Land and Sea,lightly fished,24,32.3,15.7,25,33.8,16.2,total length (cm),NA,Yes,Lachnolaimus maximus,
147,Length (shallow),2,Catch,Species,Labridae,Lachnolaimus,maximus,NA,Fish size,Standard deviation,PPO,Admiral Cockburn Land and Sea,Open to fishing,NA,NA,NA,21,28.6,13.4,total length (cm),NA,Yes,Lachnolaimus maximus,
147,Length (shallow),3,NA,NA,NA,NA,NA,NA,NA,NA,NA,Admiral Cockburn Land and Sea,NA,NA,NA,NA,NA,NA,NA,NA,NA,Yes,NA,
147,Length (shallow),4,NA,NA,NA,NA,NA,NA,NA,NA,NA,Admiral Cockburn Land and Sea,NA,NA,NA,NA,NA,NA,NA,NA,NA,Yes,NA,
147,Length (shallow),5,NA,NA,NA,NA,NA,NA,NA,NA,NA,Admiral Cockburn Land and Sea,NA,NA,NA,NA,NA,NA,NA,NA,NA,Yes,NA,
147,Density (deep),1,Catch,Individual species,Labridae,Lachnolaimus,maximus,NA,Density,Standard deviation,PPG,Admiral Cockburn Land and Sea,lightly fished,1.9,3.1,0.7,1.1,2,0.2,individuals per 100 m^2,NA,No,Lachnolaimus maximus,
147,Density (deep),2,Catch,Species,Labridae,Lachnolaimus,maximus,NA,Density,Standard deviation,PPO,Admiral Cockburn Land and Sea,Open to fishing,NA,NA,NA,0.3,0.5,0.1,individuals per 100 m^2,NA,No,Lachnolaimus maximus,
147,Density (deep),3,NA,NA,NA,NA,NA,NA,NA,NA,NA,Admiral Cockburn Land and Sea,NA,NA,NA,NA,NA,NA,NA,NA,NA,No,NA,
147,Density (deep),4,NA,NA,NA,NA,NA,NA,NA,NA,NA,Admiral Cockburn Land and Sea,NA,NA,NA,NA,NA,NA,NA,NA,NA,No,NA,
147,Density (deep),5,NA,NA,NA,NA,NA,NA,NA,NA,NA,Admiral Cockburn Land and Sea,NA,NA,NA,NA,NA,NA,NA,NA,NA,No,NA,
147,Density (shallow),1,Catch,Individual species,Labridae,Lachnolaimus,maximus,NA,Density,Standard deviation,PPG,Admiral Cockburn Land and Sea,lightly fished,1.1,1.3,0.9,0.7,1.1,0.3,individuals per 100 m^2,NA,No,Lachnolaimus maximus,
147,Density (shallow),2,Catch,Species,Labridae,Lachnolaimus,maximus,NA,Density,Standard deviation,PPO,Admiral Cockburn Land and Sea,Open to fishing,NA,NA,NA,0.2,0.3,0.1,individuals per 100 m^2,NA,No,Lachnolaimus maximus,
147,Density (shallow),3,NA,NA,NA,NA,NA,NA,NA,NA,NA,Admiral Cockburn Land and Sea,NA,NA,NA,NA,NA,NA,NA,NA,NA,No,NA,
147,Density (shallow),4,NA,NA,NA,NA,NA,NA,NA,NA,NA,Admiral Cockburn Land and Sea,NA,NA,NA,NA,NA,NA,NA,NA,NA,No,NA,
147,Density (shallow),5,NA,NA,NA,NA,NA,NA,NA,NA,NA,Admiral Cockburn Land and Sea,NA,NA,NA,NA,NA,NA,NA,NA,NA,No,NA,
147,Biomass (deep),1,Catch,Individual species,Labridae,Lachnolaimus,maximus,NA,Biomass,Standard deviation,PPG,Admiral Cockburn Land and Sea,lightly fished,728,1206,250,421,700,142,g wet wt per 100 m^2,NA,Yes,Lachnolaimus maximus,
147,Biomass (deep),2,Catch,Species,Labridae,Lachnolaimus,maximus,NA,Biomass,Standard deviation,PPO,Admiral Cockburn Land and Sea,Open to fishing,NA,NA,NA,48.4,67.4,29.4,g wet wt per 100 m^2,NA,Yes,Lachnolaimus maximus,
147,Biomass (deep),3,NA,NA,NA,NA,NA,NA,NA,NA,NA,Admiral Cockburn Land and Sea,NA,NA,NA,NA,NA,NA,NA,NA,NA,Yes,NA,
147,Biomass (deep),4,NA,NA,NA,NA,NA,NA,NA,NA,NA,Admiral Cockburn Land and Sea,NA,NA,NA,NA,NA,NA,NA,NA,NA,Yes,NA,
147,Biomass (deep),5,NA,NA,NA,NA,NA,NA,NA,NA,NA,Admiral Cockburn Land and Sea,NA,NA,NA,NA,NA,NA,NA,NA,NA,Yes,NA,
147,Biomass (shallow),1,Catch,Individual species,Labridae,Lachnolaimus,maximus,NA,Biomass,Standard deviation,PPG,Admiral Cockburn Land and Sea,lightly fished,177,228,116,121,200,42,g wet wt per 100 m^2,NA,Yes,Lachnolaimus maximus,
147,Biomass (shallow),2,Catch,Species,Labridae,Lachnolaimus,maximus,NA,Biomass,Standard deviation,PPO,Admiral Cockburn Land and Sea,Open to fishing,NA,NA,NA,32,47,17,g wet wt per 100 m^2,NA,Yes,Lachnolaimus maximus,
147,Biomass (shallow),3,NA,NA,NA,NA,NA,NA,NA,NA,NA,Admiral Cockburn Land and Sea,NA,NA,NA,NA,NA,NA,NA,NA,NA,Yes,NA,
147,Biomass (shallow),4,NA,NA,NA,NA,NA,NA,NA,NA,NA,Admiral Cockburn Land and Sea,NA,NA,NA,NA,NA,NA,NA,NA,NA,Yes,NA,
147,Biomass (shallow),5,NA,NA,NA,NA,NA,NA,NA,NA,NA,Admiral Cockburn Land and Sea,NA,NA,NA,NA,NA,NA,NA,NA,NA,Yes,NA,
147,Length (deep),1,Catch,Individual species,Haemulidae,Haemulon,album,NA,Fish size,Standard deviation,PPG,Admiral Cockburn Land and Sea,lightly fished,28,33.5,22.5,30,35.2,24.8,total length (cm),NA,No,Haemulon album,
147,Length (deep),2,Catch,Species,Haemulidae,Haemulon,album,NA,Fish size,Standard deviation,PPO,Admiral Cockburn Land and Sea,Open to fishing,NA,NA,NA,30,36.1,23.9,total length (cm),NA,No,Haemulon album,
147,Length (deep),3,NA,NA,NA,NA,NA,NA,NA,NA,NA,Admiral Cockburn Land and Sea,NA,NA,NA,NA,NA,NA,NA,NA,NA,No,NA,
147,Length (deep),4,NA,NA,NA,NA,NA,NA,NA,NA,NA,Admiral Cockburn Land and Sea,NA,NA,NA,NA,NA,NA,NA,NA,NA,No,NA,
147,Length (deep),5,NA,NA,NA,NA,NA,NA,NA,NA,NA,Admiral Cockburn Land and Sea,NA,NA,NA,NA,NA,NA,NA,NA,NA,No,NA,
147,Length (shallow),1,Catch,Individual species,Haemulidae,Haemulon,album,NA,Fish size,Standard deviation,PPG,Admiral Cockburn Land and Sea,lightly fished,26,32.2,19.8,24,28.4,19.6,total length (cm),NA,No,Haemulon album,
147,Length (shallow),2,Catch,Species,Haemulidae,Haemulon,album,NA,Fish size,Standard deviation,PPO,Admiral Cockburn Land and Sea,Open to fishing,NA,NA,NA,26,32.2,19.8,total length (cm),NA,No,Haemulon album,
147,Length (shallow),3,NA,NA,NA,NA,NA,NA,NA,NA,NA,Admiral Cockburn Land and Sea,NA,NA,NA,NA,NA,NA,NA,NA,NA,No,NA,
147,Length (shallow),4,NA,NA,NA,NA,NA,NA,NA,NA,NA,Admiral Cockburn Land and Sea,NA,NA,NA,NA,NA,NA,NA,NA,NA,No,NA,
147,Length (shallow),5,NA,NA,NA,NA,NA,NA,NA,NA,NA,Admiral Cockburn Land and Sea,NA,NA,NA,NA,NA,NA,NA,NA,NA,No,NA,
147,Density (deep),1,Catch,Individual species,Haemulidae,Haemulon,album,NA,Density,Standard deviation,PPG,Admiral Cockburn Land and Sea,lightly fished,9.3,11.3,7.3,10,11.4,8.6,individuals per 100 m^2,NA,No,Haemulon album,
147,Density (deep),2,Catch,Species,Haemulidae,Haemulon,album,NA,Density,Standard deviation,PPO,Admiral Cockburn Land and Sea,Open to fishing,NA,NA,NA,2.6,3.2,2,individuals per 100 m^2,NA,No,Haemulon album,
147,Density (deep),3,NA,NA,NA,NA,NA,NA,NA,NA,NA,Admiral Cockburn Land and Sea,NA,NA,NA,NA,NA,NA,NA,NA,NA,No,NA,
147,Density (deep),4,NA,NA,NA,NA,NA,NA,NA,NA,NA,Admiral Cockburn Land and Sea,NA,NA,NA,NA,NA,NA,NA,NA,NA,No,NA,
147,Density (deep),5,NA,NA,NA,NA,NA,NA,NA,NA,NA,Admiral Cockburn Land and Sea,NA,NA,NA,NA,NA,NA,NA,NA,NA,No,NA,
147,Density (shallow),1,Catch,Individual species,Haemulidae,Haemulon,album,NA,Density,Standard deviation,PPG,Admiral Cockburn Land and Sea,lightly fished,20.3,25,15.6,10.7,13.2,8.2,individuals per 100 m^2,NA,No,Haemulon album,
147,Density (shallow),2,Catch,Species,Haemulidae,Haemulon,album,NA,Density,Standard deviation,PPO,Admiral Cockburn Land and Sea,Open to fishing,NA,NA,NA,4.6,6.8,2.4,individuals per 100 m^2,NA,No,Haemulon album,
147,Density (shallow),3,NA,NA,NA,NA,NA,NA,NA,NA,NA,Admiral Cockburn Land and Sea,NA,NA,NA,NA,NA,NA,NA,NA,NA,No,NA,
147,Density (shallow),4,NA,NA,NA,NA,NA,NA,NA,NA,NA,Admiral Cockburn Land and Sea,NA,NA,NA,NA,NA,NA,NA,NA,NA,No,NA,
147,Density (shallow),5,NA,NA,NA,NA,NA,NA,NA,NA,NA,Admiral Cockburn Land and Sea,NA,NA,NA,NA,NA,NA,NA,NA,NA,No,NA,
147,Biomass (deep),1,Catch,Individual species,Haemulidae,Haemulon,album,NA,Biomass,Standard deviation,PPG,Admiral Cockburn Land and Sea,lightly fished,2922,4219,1553,3142,4818,1466,g wet wt per 100 m^2,NA,No,Haemulon album,
147,Biomass (deep),2,Catch,Species,Haemulidae,Haemulon,album,NA,Biomass,Standard deviation,PPO,Admiral Cockburn Land and Sea,Open to fishing,NA,NA,NA,817,1154,480,g wet wt per 100 m^2,NA,No,Haemulon album,
147,Biomass (deep),3,NA,NA,NA,NA,NA,NA,NA,NA,NA,Admiral Cockburn Land and Sea,NA,NA,NA,NA,NA,NA,NA,NA,NA,No,NA,
147,Biomass (deep),4,NA,NA,NA,NA,NA,NA,NA,NA,NA,Admiral Cockburn Land and Sea,NA,NA,NA,NA,NA,NA,NA,NA,NA,No,NA,
147,Biomass (deep),5,NA,NA,NA,NA,NA,NA,NA,NA,NA,Admiral Cockburn Land and Sea,NA,NA,NA,NA,NA,NA,NA,NA,NA,No,NA,
147,Biomass (shallow),1,Catch,Individual species,Haemulidae,Haemulon,album,NA,Biomass,Standard deviation,PPG,Admiral Cockburn Land and Sea,lightly fished,6378,8370,4386,1726,2176,1276,g wet wt per 100 m^2,NA,No,Haemulon album,
147,Biomass (shallow),2,Catch,Species,Haemulidae,Haemulon,album,NA,Biomass,Standard deviation,PPO,Admiral Cockburn Land and Sea,Open to fishing,NA,NA,NA,742,931,553,g wet wt per 100 m^2,NA,No,Haemulon album,
147,Biomass (shallow),3,NA,NA,NA,NA,NA,NA,NA,NA,NA,Admiral Cockburn Land and Sea,NA,NA,NA,NA,NA,NA,NA,NA,NA,No,NA,
147,Biomass (shallow),4,NA,NA,NA,NA,NA,NA,NA,NA,NA,Admiral Cockburn Land and Sea,NA,NA,NA,NA,NA,NA,NA,NA,NA,No,NA,
147,Biomass (shallow),5,NA,NA,NA,NA,NA,NA,NA,NA,NA,Admiral Cockburn Land and Sea,NA,NA,NA,NA,NA,NA,NA,NA,NA,No,NA,
147,CPUE,1,Catch,Individual species,Epinephelidae,Epinephelus,striatus,NA,Catch per unit effort (CPUE),Standard deviation,PPG,Admiral Cockburn Land and Sea,lightly fished,0.6,1.1,-0.1,0.4,1,-0.2,kg/hr,NA,No,Epinephelus striatus,
147,CPUE,2,Catch,Species,Epinephelidae,Epinephelus,striatus,NA,Catch per unit effort (CPUE),Standard deviation,PPO,Admiral Cockburn Land and Sea,Open to fishing,NA,NA,NA,0.7,1.6,-0.2,kg/hr,NA,No,Epinephelus striatus,
147,CPUE,3,NA,NA,NA,NA,NA,NA,NA,NA,NA,Admiral Cockburn Land and Sea,NA,NA,NA,NA,NA,NA,NA,NA,NA,No,NA,
147,CPUE,4,NA,NA,NA,NA,NA,NA,NA,NA,NA,Admiral Cockburn Land and Sea,NA,NA,NA,NA,NA,NA,NA,NA,NA,No,NA,
147,CPUE,5,NA,NA,NA,NA,NA,NA,NA,NA,NA,Admiral Cockburn Land and Sea,NA,NA,NA,NA,NA,NA,NA,NA,NA,No,NA,
147,CPUE,1,Catch,Individual species,Labridae,Lachnolaimus,maximus,NA,Catch per unit effort (CPUE),Standard deviation,PPG,Admiral Cockburn Land and Sea,lightly fished,9.1,11.5,6.7,8.2,11.3,5.1,kg/hr,NA,No,Lachnolaimus maximus,
147,CPUE,2,Catch,Species,Labridae,Lachnolaimus,maximus,NA,Catch per unit effort (CPUE),Standard deviation,PPO,Admiral Cockburn Land and Sea,Open to fishing,NA,NA,NA,0.8,1.6,0,kg/hr,NA,No,Lachnolaimus maximus,
147,CPUE,3,NA,NA,NA,NA,NA,NA,NA,NA,NA,Admiral Cockburn Land and Sea,NA,NA,NA,NA,NA,NA,NA,NA,NA,No,NA,
147,CPUE,4,NA,NA,NA,NA,NA,NA,NA,NA,NA,Admiral Cockburn Land and Sea,NA,NA,NA,NA,NA,NA,NA,NA,NA,No,NA,
147,CPUE,5,NA,NA,NA,NA,NA,NA,NA,NA,NA,Admiral Cockburn Land and Sea,NA,NA,NA,NA,NA,NA,NA,NA,NA,No,NA,
147,CPUE,1,Catch,Individual species,Haemulidae,Haemulon,album,NA,Catch per unit effort (CPUE),Standard deviation,PPG,Admiral Cockburn Land and Sea,lightly fished,0.2,0.6,-0.2,3.2,5.2,1.2,kg/hr,NA,No,Haemulon album,
147,CPUE,2,Catch,Species,Haemulidae,Haemulon,album,NA,Catch per unit effort (CPUE),Standard deviation,PPO,Admiral Cockburn Land and Sea,Open to fishing,NA,NA,NA,0.7,1.1,0.3,kg/hr,NA,No,Haemulon album,
147,CPUE,3,NA,NA,NA,NA,NA,NA,NA,NA,NA,Admiral Cockburn Land and Sea,NA,NA,NA,NA,NA,NA,NA,NA,NA,No,NA,
147,CPUE,4,NA,NA,NA,NA,NA,NA,NA,NA,NA,Admiral Cockburn Land and Sea,NA,NA,NA,NA,NA,NA,NA,NA,NA,No,NA,
147,CPUE,5,NA,NA,NA,NA,NA,NA,NA,NA,NA,Admiral Cockburn Land and Sea,NA,NA,NA,NA,NA,NA,NA,NA,NA,No,NA,
151,CPUE (before),1,Catch,Assemblage ,NA,NA,NA,NA,Catch per unit effort (CPUE),25th to 75th percentile,NTZ,Fully Protected Area,Partially Protected Area,40,45,25,50,60,27.5,CPUE (Number ∙ 500m−1),NA,NA,NA,
151,CPUE (before),2,Catch,Assemblage,NA,NA,NA,NA,Catch per unit effort (CPUE),25th to 75th percentile,PPG,Partially Protected Area,Yes,NA,NA,NA,20,35,15,CPUE (Number ∙ 500m−1),NA,NA,NA,
151,CPUE (before),3,NA,NA,NA,NA,NA,NA,NA,NA,NA,NA,NA,NA,NA,NA,NA,NA,NA,NA,NA,NA,NA,
151,CPUE (before),4,NA,NA,NA,NA,NA,NA,NA,NA,NA,NA,NA,NA,NA,NA,NA,NA,NA,NA,NA,NA,NA,
151,CPUE (before),5,NA,NA,NA,NA,NA,NA,NA,NA,NA,NA,NA,NA,NA,NA,NA,NA,NA,NA,NA,NA,NA,
151,CPUE (after),1,Catch,Assemblage,NA,NA,NA,NA,Catch per unit effort (CPUE),25th to 75th percentile,NTZ,Fully Protected Area,Partially Protected Area,42,50,30,45,62.5,35,CPUE (Number ∙ 500m−1),NA,NA,NA,
151,CPUE (after),2,Catch,Assemblage,NA,NA,NA,NA,Catch per unit effort (CPUE),25th to 75th percentile,PPG,Partially Protected Area,Yes,NA,NA,NA,22.5,43,17.5,CPUE (Number ∙ 500m−1),NA,NA,NA,
151,CPUE (after),3,NA,NA,NA,NA,NA,NA,NA,NA,NA,NA,NA,NA,NA,NA,NA,NA,NA,NA,NA,NA,NA,
151,CPUE (after),4,NA,NA,NA,NA,NA,NA,NA,NA,NA,NA,NA,NA,NA,NA,NA,NA,NA,NA,NA,NA,NA,
151,CPUE (after),5,NA,NA,NA,NA,NA,NA,NA,NA,NA,NA,NA,NA,NA,NA,NA,NA,NA,NA,NA,NA,NA,
151,BPUE (before),1,Catch,Assemblage,NA,NA,NA,NA,Biomass per unit effort (BPUE),25th to 75th percentile,NTZ,Fully Protected Area,Partially Protected Area,11,17,7,14,17,7,BPUE (Kg ∙ 500m−1),NA,NA,NA,
151,BPUE (before),2,Catch,Assemblage,NA,NA,NA,NA,Biomass per unit effort (BPUE),25th to 75th percentile,PPG,Partially Protected Area,Yes,NA,NA,NA,5,8.5,3,BPUE (Kg ∙ 500m−1),NA,NA,NA,
151,BPUE (before),3,NA,NA,NA,NA,NA,NA,NA,NA,NA,NA,NA,NA,NA,NA,NA,NA,NA,NA,NA,NA,NA,
151,BPUE (before),4,NA,NA,NA,NA,NA,NA,NA,NA,NA,NA,NA,NA,NA,NA,NA,NA,NA,NA,NA,NA,NA,
151,BPUE (before),5,NA,NA,NA,NA,NA,NA,NA,NA,NA,NA,NA,NA,NA,NA,NA,NA,NA,NA,NA,NA,NA,
151,BPUE (after),1,Catch,Assemblage,NA,NA,NA,NA,Biomass per unit effort (BPUE),25th to 75th percentile,NTZ,Fully Protected Area,Partially Protected Area,15,25,12.5,16,23,12,BPUE (Kg ∙ 500m−1),NA,NA,NA,
151,BPUE (after),2,Catch,Assemblage,NA,NA,NA,NA,Biomass per unit effort (BPUE),25th to 75th percentile,PPG,Partially Protected Area,Yes,NA,NA,NA,6,12,4,BPUE (Kg ∙ 500m−1),NA,NA,NA,
151,BPUE (after),3,NA,NA,NA,NA,NA,NA,NA,NA,NA,NA,NA,NA,NA,NA,NA,NA,NA,NA,NA,NA,NA,
151,BPUE (after),4,NA,NA,NA,NA,NA,NA,NA,NA,NA,NA,NA,NA,NA,NA,NA,NA,NA,NA,NA,NA,NA,
151,BPUE (after),5,NA,NA,NA,NA,NA,NA,NA,NA,NA,NA,NA,NA,NA,NA,NA,NA,NA,NA,NA,NA,NA,
181,"Movement results are proportions of tagged lobsters recaptured within distance classes, not systematic sampling at fixed distances from the MPA boundary. For movement we defined “inside” and “outside” as distance classes from the release point (≤X m vs >X m), not as MPA vs fished control sites. Size/biomass results still use true inside (MPA) vs outside (fished reefs).",1,Catch,Species,Palinuridae,Jasus,Jasus edwardsii,NA,Catch (numbers or weight),Percentages within distance classes; no confidence intervals reported,NTZ,Maria Island National Park,"Outside = >100 m movement zone (distance class), not a management zone.",0.85,NA,NA,0.15,NA,NA,proportion of tagged lobsters (≤100 m vs >100 m from release),0.1,NA,Jasus Jasus edwardsii,
181,"Movement results are proportions of tagged lobsters recaptured within distance classes, not systematic sampling at fixed distances from the MPA boundary. For movement we defined “inside” and “outside” as distance classes from the release point (≤X m vs >X m), not as MPA vs fished control sites. Size/biomass results still use true inside (MPA) vs outside (fished reefs).",2,NA,NA,NA,NA,NA,NA,NA,NA,NA,NA,NA,NA,NA,NA,NA,NA,NA,NA,NA,NA,NA,
181,"Movement results are proportions of tagged lobsters recaptured within distance classes, not systematic sampling at fixed distances from the MPA boundary. For movement we defined “inside” and “outside” as distance classes from the release point (≤X m vs >X m), not as MPA vs fished control sites. Size/biomass results still use true inside (MPA) vs outside (fished reefs).",3,NA,NA,NA,NA,NA,NA,NA,NA,NA,NA,NA,NA,NA,NA,NA,NA,NA,NA,NA,NA,NA,
181,"Movement results are proportions of tagged lobsters recaptured within distance classes, not systematic sampling at fixed distances from the MPA boundary. For movement we defined “inside” and “outside” as distance classes from the release point (≤X m vs >X m), not as MPA vs fished control sites. Size/biomass results still use true inside (MPA) vs outside (fished reefs).",4,NA,NA,NA,NA,NA,NA,NA,NA,NA,NA,NA,NA,NA,NA,NA,NA,NA,NA,NA,NA,NA,
181,"Movement results are proportions of tagged lobsters recaptured within distance classes, not systematic sampling at fixed distances from the MPA boundary. For movement we defined “inside” and “outside” as distance classes from the release point (≤X m vs >X m), not as MPA vs fished control sites. Size/biomass results still use true inside (MPA) vs outside (fished reefs).",5,NA,NA,NA,NA,NA,NA,NA,NA,NA,NA,NA,NA,NA,NA,NA,NA,NA,NA,NA,NA,NA,
576,They split the whole of the GBR into regions and grouped together the NTZs and fished areas,1,Transect count,Species,Epinephelidae,Plectropomus,leopardus,NA,Mean egg production ,Standard error,NTZ,Great Barrier Reef Marine Park,Open to fishing,400,50,50,175,30,30,Thousands of eggs 250m-2,Northern zone of GBR,NA,Plectropomus leopardus,
576,They split the whole of the GBR into regions and grouped together the NTZs and fished areas,2,Transect count,Species,Epinephelidae,Plectropomus,leopardus,NA,Egg production,Standard error,NTZ,Great Barrier Reef Marine Park,Open to fishing,270,20,20,680,70,70,Thousands eggs 250m-2,Central GBR zone,NA,Plectropomus leopardus,
576,They split the whole of the GBR into regions and grouped together the NTZs and fished areas,3,Transect count,Species,Epinephelidae,Plectropomus,leopardus,NA,Egg production,Standard error,NTZ,Great Barrier Reef Marine Park,NTZ,26,7,7,32,7,7,Thousands eggs 250m-2,Southern GBR zone,NA,Plectropomus leopardus,
576,They split the whole of the GBR into regions and grouped together the NTZs and fished areas,4,NA,NA,NA,NA,NA,NA,NA,NA,NA,NA,NA,NA,NA,NA,NA,NA,NA,NA,NA,NA,NA,
576,They split the whole of the GBR into regions and grouped together the NTZs and fished areas,5,NA,NA,NA,NA,NA,NA,NA,NA,NA,NA,NA,NA,NA,NA,NA,NA,NA,NA,NA,NA,NA,
865,"Fig 4, herbivorous fishes abundance, 2003, for 2 distance classes (entered as upper confidence interval)",1,Transect count,Functional group,NA,NA,NA,"Herbivorous fish (Acanthuridae, Scaridae)",Abundance,Standard error,NTZ,Vamizi Marine Reserve,Open to fishing,26.409,3.5 km inside MPA,NA,28.19,4 km outside MPA,NA,Number of Herbivorous fishes,7.5,Yes,NA,
865,"Fig 4, herbivorous fishes abundance, 2003, for 2 distance classes (entered as upper confidence interval)",2,NA,NA,NA,NA,NA,NA,NA,NA,NA,NA,NA,NA,NA,NA,NA,NA,NA,NA,NA,Yes,NA,
865,"Fig 4, herbivorous fishes abundance, 2003, for 2 distance classes (entered as upper confidence interval)",3,NA,NA,NA,NA,NA,NA,NA,NA,NA,NA,NA,NA,NA,NA,NA,NA,NA,NA,NA,Yes,NA,
865,"Fig 4, herbivorous fishes abundance, 2003, for 2 distance classes (entered as upper confidence interval)",4,NA,NA,NA,NA,NA,NA,NA,NA,NA,NA,NA,NA,NA,NA,NA,NA,NA,NA,NA,Yes,NA,
865,"Fig 4, herbivorous fishes abundance, 2003, for 2 distance classes (entered as upper confidence interval)",5,NA,NA,NA,NA,NA,NA,NA,NA,NA,NA,NA,NA,NA,NA,NA,NA,NA,NA,NA,Yes,NA,
865,"Fig 4, herbivorous fishes abundance, 2006, for 4 distance classes (entered as upper confidence interval)",1,Transect count,Functional group,NA,NA,NA,"Herbivorous fish (Acanthuridae, Scaridae)",Abundance,Standard error,NTZ,Vamizi Marine Reserve,Open to fishing,24.407,3.6 km inside MPA,NA,33.56,0.5 km outside MPA,NA,Number of Herbivorous fishes,4,Yes,NA,
865,"Fig 4, herbivorous fishes abundance, 2006, for 4 distance classes (entered as upper confidence interval)",2,Transect count,Functional group,NA,NA,NA,"Herbivorous fish (Acanthuridae, Scaridae)",Abundance,Standard error,NTZ,Vamizi Marine Reserve,Open to fishing,27.46,7 km inside MPA,NA,36.95,4 km outside MPA,NA,Number of Herbivorous fishes,11,Yes,NA,
865,"Fig 4, herbivorous fishes abundance, 2006, for 4 distance classes (entered as upper confidence interval)",3,NA,NA,NA,NA,NA,NA,NA,NA,NA,NA,NA,NA,NA,NA,NA,NA,NA,NA,NA,Yes,NA,
865,"Fig 4, herbivorous fishes abundance, 2006, for 4 distance classes (entered as upper confidence interval)",4,NA,NA,NA,NA,NA,NA,NA,NA,NA,NA,NA,NA,NA,NA,NA,NA,NA,NA,NA,Yes,NA,
865,"Fig 4, herbivorous fishes abundance, 2006, for 4 distance classes (entered as upper confidence interval)",5,NA,NA,NA,NA,NA,NA,NA,NA,NA,NA,NA,NA,NA,NA,NA,NA,NA,NA,NA,Yes,NA,
865,"Fig 4, herbivorous fishes abundance, 2012, for 6 distance classes (entered as upper confidence interval)",1,Transect count,Functional group,NA,NA,NA,"Herbivorous fish (Acanthuridae, Scaridae)",Abundance,Standard error,NTZ,Vamizi Marine Reserve,Open to fishing,76.091,7 km inside MPA,NA,87.65,0.8 km outside MPA,NA,Number of Herbivorous fishes,7.8,Yes,NA,
865,"Fig 4, herbivorous fishes abundance, 2012, for 6 distance classes (entered as upper confidence interval)",2,Transect count,Functional group,NA,NA,NA,"Herbivorous fish (Acanthuridae, Scaridae)",Abundance,Standard error,NTZ,Vamizi Marine Reserve,Open to fishing,79.83,3.6 km inside MPA,NA,25.44,2 km outside of MPA,NA,Number of Herbivorous fishes,5.5 km,Yes,NA,
865,"Fig 4, herbivorous fishes abundance, 2012, for 6 distance classes (entered as upper confidence interval)",3,Transect count,Functional group,NA,NA,NA,"Herbivorous fish (Acanthuridae, Scaridae)",Abundance,Standard error,NTZ,Vamizi Marine Reserve,Open to fishing,77.11,1 km inside MPA,NA,40.74,4km outside MPA,NA,Number of Herbivorous fishes,5,Yes,NA,
865,"Fig 4, herbivorous fishes abundance, 2012, for 6 distance classes (entered as upper confidence interval)",4,NA,NA,NA,NA,NA,NA,NA,NA,NA,NA,NA,NA,NA,NA,NA,NA,NA,NA,NA,Yes,NA,
865,"Fig 4, herbivorous fishes abundance, 2012, for 6 distance classes (entered as upper confidence interval)",5,NA,NA,NA,NA,NA,NA,NA,NA,NA,NA,NA,NA,NA,NA,NA,NA,NA,NA,NA,Yes,NA,
865,"Fig 5, piscivorous fish abundances, 2003, for 2 distance classes (entered as upper confidence interval)",1,Transect count,Functional group,NA,NA,NA,"Piscivorous fish (Lutjanidae, Haemulidae, Serranidae)",Abundance,Standard error,NTZ,Vamizi Marine Reserve,Open to fishing,4.386,3.6 km inside MPA,NA,5.12,4 km outside MPA,NA,Number of Piscivorous fishes,7.6,Yes,NA,
865,"Fig 5, piscivorous fish abundances, 2003, for 2 distance classes (entered as upper confidence interval)",2,NA,NA,NA,NA,NA,NA,NA,NA,NA,NA,NA,NA,NA,NA,NA,NA,NA,NA,NA,Yes,NA,
865,"Fig 5, piscivorous fish abundances, 2003, for 2 distance classes (entered as upper confidence interval)",3,NA,NA,NA,NA,NA,NA,NA,NA,NA,NA,NA,NA,NA,NA,NA,NA,NA,NA,NA,Yes,NA,
865,"Fig 5, piscivorous fish abundances, 2003, for 2 distance classes (entered as upper confidence interval)",4,NA,NA,NA,NA,NA,NA,NA,NA,NA,NA,NA,NA,NA,NA,NA,NA,NA,NA,NA,Yes,NA,
865,"Fig 5, piscivorous fish abundances, 2003, for 2 distance classes (entered as upper confidence interval)",5,NA,NA,NA,NA,NA,NA,NA,NA,NA,NA,NA,NA,NA,NA,NA,NA,NA,NA,NA,Yes,NA,
865,"Fig 5, piscivorous fish abundances, 2006, for 2 distance classes (entered as upper confidence interval)",1,Transect count,Functional group,NA,NA,NA,"Piscivorous fish (Lutjanidae, Haemulidae, Serranidae)",Abundance,Standard error,NTZ,Vamizi Marine Reserve,Open to fishing,1.7,3.6 km inside MPA,NA,2,0.5 km outside MPA,NA,Number of Piscivorous fishes,4,Yes,NA,
865,"Fig 5, piscivorous fish abundances, 2006, for 2 distance classes (entered as upper confidence interval)",2,Transect count,Functional group,NA,NA,NA,"Piscivorous fish (Lutjanidae, Haemulidae, Serranidae)",Abundance,Standard error,NTZ,Vamizi Marine Reserve,Open to fishing,25.61,7 km inside MPA,NA,5.43,4 km outside MPA,NA,Number of Piscivorous fishes,11,Yes,NA,
865,"Fig 5, piscivorous fish abundances, 2006, for 2 distance classes (entered as upper confidence interval)",3,NA,NA,NA,NA,NA,NA,NA,NA,NA,NA,NA,NA,NA,NA,NA,NA,NA,NA,NA,Yes,NA,
865,"Fig 5, piscivorous fish abundances, 2006, for 2 distance classes (entered as upper confidence interval)",4,NA,NA,NA,NA,NA,NA,NA,NA,NA,NA,NA,NA,NA,NA,NA,NA,NA,NA,NA,Yes,NA,
865,"Fig 5, piscivorous fish abundances, 2006, for 2 distance classes (entered as upper confidence interval)",5,NA,NA,NA,NA,NA,NA,NA,NA,NA,NA,NA,NA,NA,NA,NA,NA,NA,NA,NA,Yes,NA,
865,"Fig 5, piscivorous fish abundances, 2012, for 6 distance classes (entered as upper confidence interval)",1,Transect count,Functional group,NA,NA,NA,"Piscivorous fish (Lutjanidae, Haemulidae, Serranidae)",Abundance,Standard error,NTZ,Vamizi Marine Reserve,Open to fishing,80,7 km inside MPA,NA,4.94,0.5 km outside MPA,NA,Number of Piscivorous fishes,7.5,Yes,NA,
865,"Fig 5, piscivorous fish abundances, 2012, for 6 distance classes (entered as upper confidence interval)",2,Transect count,Functional group,NA,NA,NA,"Piscivorous fish (Lutjanidae, Haemulidae, Serranidae)",Abundance,Standard error,NTZ,Vamizi Marine Reserve,Open to fishing,19.76,4 km inside MPA,NA,2.31,2 km outside MPA,NA,Number of Piscivorous fishes,5,Yes,NA,
865,"Fig 5, piscivorous fish abundances, 2012, for 6 distance classes (entered as upper confidence interval)",3,Transect count,Functional group,NA,NA,NA,"Piscivorous fish (Lutjanidae, Haemulidae, Serranidae)",Abundance,Standard error,NTZ,Vamizi Marine Reserve,Open to fishing,6.26,1 km inside MPA,NA,0.99,4 km outside MPA,NA,Number of Piscivorous fishes,5,Yes,NA,
865,"Fig 5, piscivorous fish abundances, 2012, for 6 distance classes (entered as upper confidence interval)",4,NA,NA,NA,NA,NA,NA,NA,NA,NA,NA,NA,NA,NA,NA,NA,NA,NA,NA,NA,Yes,NA,
865,"Fig 5, piscivorous fish abundances, 2012, for 6 distance classes (entered as upper confidence interval)",5,NA,NA,NA,NA,NA,NA,NA,NA,NA,NA,NA,NA,NA,NA,NA,NA,NA,NA,NA,Yes,NA,
1356,Egg production inside reserves and for all other oyster reef types combined (outside the reserves),1,Transect count,Species,Ostreidae,Crassostrea,virginica,NA,Per unit area larval output,Standard error,NTZ,North Carolina Department of Marine Fisheries Oyster Sanctuary Program,Open to fishing,12.8,1.5,1.5,2.98,1,1,No. larve per m2 x10^6,NA,NA,Crassostrea virginica,
1356,Egg production inside reserves and for all other oyster reef types combined (outside the reserves),2,Transect count,Species,Ostreidae,Crassostrea,virginica,NA,Total larval output,NA,NTZ,North Carolina Department of Marine Fisheries Oyster Sanctuary Program,Open to fishing,7.33,NA,NA,1.66,NA,NA,No. larvae x10^12,NA,NA,Crassostrea virginica,
1356,Egg production inside reserves and for all other oyster reef types combined (outside the reserves),3,NA,NA,NA,NA,NA,NA,NA,NA,NA,NA,NA,NA,NA,NA,NA,NA,NA,NA,NA,NA,NA,
1356,Egg production inside reserves and for all other oyster reef types combined (outside the reserves),4,NA,NA,NA,NA,NA,NA,NA,NA,NA,NA,NA,NA,NA,NA,NA,NA,NA,NA,NA,NA,NA,
1356,Egg production inside reserves and for all other oyster reef types combined (outside the reserves),5,NA,NA,NA,NA,NA,NA,NA,NA,NA,NA,NA,NA,NA,NA,NA,NA,NA,NA,NA,NA,NA,
1348,% of juveniles exported from reserve into another reserve (Inside result) or into the fished area (Outside result),1,Parentage assignment,Species,Serranidae,Plectropomus,maculatus,NA,% contribution of juveniles to recruitment,NA,NTZ,Great Barrier Reef Marine Park,PPG (Habitat protection) and PPO (Conservation Park zone),0.3,NA,NA,0.57,NA,NA,% contribution to recruitment,NA,NA,Plectropomus maculatus,30000
1348,% of juveniles exported from reserve into another reserve (Inside result) or into the fished area (Outside result),2,Parentage assignment,Species,Lutjanidae,Lutjanus,carponotatus,NA,% contribution to recruitment,NA,NTZ,Great Barrier Reef Marine Park,PPG (habitat protection) and PPO (Conservation Park zone),0.64,NA,NA,0.46,NA,NA,% contribution to recruitment,NA,NA,Lutjanus carponotatus,30000
1348,% of juveniles exported from reserve into another reserve (Inside result) or into the fished area (Outside result),3,NA,NA,NA,NA,NA,NA,NA,NA,NA,NA,NA,NA,NA,NA,NA,NA,NA,NA,NA,NA,NA,
1348,% of juveniles exported from reserve into another reserve (Inside result) or into the fished area (Outside result),4,NA,NA,NA,NA,NA,NA,NA,NA,NA,NA,NA,NA,NA,NA,NA,NA,NA,NA,NA,NA,NA,
1348,% of juveniles exported from reserve into another reserve (Inside result) or into the fished area (Outside result),5,NA,NA,NA,NA,NA,NA,NA,NA,NA,NA,NA,NA,NA,NA,NA,NA,NA,NA,NA,NA,NA,
613,Year 0 to 4 following protection (sequential),1,Transect count,Total fish biomass (kg/ha),NA,NA,NA,NA,Biomass,95% confidence intervals,NTZ,Velondriake Locally Managed Marine Area,Open to fishing,700,850,500,700,800,490,kg/ha,NA,NA,NA,
613,Year 0 to 4 following protection (sequential),2,Transect count,Total fish biomass (kg/ha),NA,NA,NA,NA,Biomass,95% confidence intervals,NTZ,Velondriake Locally Managed Marine Area,Open to fishing,300,510,290,300,500,200,kg/ha,NA,NA,NA,
613,Year 0 to 4 following protection (sequential),3,Transect count,Total fish biomass (kg/ha),NA,NA,NA,NA,Biomass,95% confidence intervals,NTZ,Velondriake Locally Managed Marine Area,Open to fishing,1500,2000,1100,600,750,400,kg/ha,NA,NA,NA,
613,Year 0 to 4 following protection (sequential),4,Transect count,Total fish biomass (kg/ha),NA,NA,NA,NA,Biomass,95% confidence intervals,NTZ,Velondriake Locally Managed Marine Area,Open to fishing,1200,1500,800,1400,1800,800,kg/ha,NA,NA,NA,
613,Year 0 to 4 following protection (sequential),5,Transect count,Total fish biomass (kg/ha),NA,NA,NA,NA,Biomass,95% confidence intervals,NTZ,Velondriake Locally Managed Marine Area,Open to fishing,1100,1400,750,250,300,200,kg/ha,NA,NA,NA,
613,Years 5 and 6 after protection (sequential),1,Transect count,Total fish biomass (kg/ha),NA,NA,NA,NA,Biomass,95% confidence intervals,NTZ,Velondriake Locally Managed Marine Area,Open to fishing,2250,2600,1800,700,1000,150,kg/ha,NA,NA,NA,
613,Years 5 and 6 after protection (sequential),2,Transect count,Total fish biomass (kg/ha),NA,NA,NA,NA,Biomass,95% confidence intervals,NTZ,Velondriake Locally Managed Marine Area,Open to fishing,900,1250,500,250,450,100,kg/ha,NA,NA,NA,
613,Years 5 and 6 after protection (sequential),3,NA,NA,NA,NA,NA,NA,NA,NA,NA,NA,NA,NA,NA,NA,NA,NA,NA,NA,NA,NA,NA,
613,Years 5 and 6 after protection (sequential),4,NA,NA,NA,NA,NA,NA,NA,NA,NA,NA,NA,NA,NA,NA,NA,NA,NA,NA,NA,NA,NA,
613,Years 5 and 6 after protection (sequential),5,NA,NA,NA,NA,NA,NA,NA,NA,NA,NA,NA,NA,NA,NA,NA,NA,NA,NA,NA,NA,NA,
1400,Inside/Outside is Before/After,1,Catch,Species,Palinuridae,Panulirus,interruptus,NA,Catch per unit effort (CPUE),Standard error,NTZ,NA,Open to fishing,0.47,0.07,0.07,0.44,0.06,0.06,Lobster pounds per trap,Before/After in fish block no. 652 (no MPAs in block),Yes,Panulirus interruptus,
1400,Inside/Outside is Before/After,2,Catch,Species,Palinuridae,Panulirus,interruptus,NA,Catch per unit effort (CPUE),Standard error,NTZ,NA,Open to fishing,0.67,0.08,0.08,0.62,0.08,0.08,Lobster pounds per trap,Before/After in fish block no. 653 (no MPAs in block),Yes,Panulirus interruptus,
1400,Inside/Outside is Before/After,3,Catch,Species,Palinuridae,Panulirus,interruptus,NA,Catch per unit effort (CPUE),Standard error,NTZ,NA,Open to fishing,0.82,0.06,0.06,0.82,0.12,0.12,Lobster pounds per trap,Before/After in fish block no. 654 (MPAs in block),Yes,Panulirus interruptus,
1400,Inside/Outside is Before/After,4,Transect count,Species,Palinuridae,Panulirus,interruptus,NA,Catch per unit effort (CPUE),Standard error,NTZ,NA,Open to fishing,0.76,0.14,0.14,0.59,0.15,0.15,Lobster pounds per trip,Before/After in fish block no. 655 (no MPAs in block),Yes,Panulirus interruptus,
1400,Inside/Outside is Before/After,5,NA,NA,NA,NA,NA,NA,NA,NA,NA,NA,NA,NA,NA,NA,NA,NA,NA,NA,NA,Yes,NA,
1422,Hopkins Marine Life Refuge,1,Transect count,Species,Scorpaenidae,Sebastes,atrovirens,NA,Reproductive Potential,Standard error,NTZ,Monterey Bay National Marine Sanctuary,Open to fishing,24194.34,5440,5440,8211.38,3097.23,3097.23,No. eggs produced per 10m^2,NA,NA,Sebastes atrovirens,
1422,Hopkins Marine Life Refuge,2,Transect count,Species,Scorpaenidae,Sebastes,chrysomelas,NA,Reproductive Potential,Standard error,NTZ,Monterey Bay National Marine Sanctuary,Open to fishing,17080.52,3123.11,3123.11,3380.57,1479.25,1479.25,No. eggs produced per 10m^2,NA,NA,Sebastes chrysomelas,
1422,Hopkins Marine Life Refuge,3,NA,NA,NA,NA,NA,NA,NA,NA,NA,NA,NA,NA,NA,NA,NA,NA,NA,NA,NA,NA,NA,
1422,Hopkins Marine Life Refuge,4,NA,NA,NA,NA,NA,NA,NA,NA,NA,NA,NA,NA,NA,NA,NA,NA,NA,NA,NA,NA,NA,
1422,Hopkins Marine Life Refuge,5,NA,NA,NA,NA,NA,NA,NA,NA,NA,NA,NA,NA,NA,NA,NA,NA,NA,NA,NA,NA,NA,
1422,Point Lobos State and Ecological Reserve,1,Transect count,Species,Scorpaenidae,Sebastes,atrovirens,NA,Reproductive potential,Standard error,NTZ,Monterey Bay National Marine Snactuary,Open to fishing,19159.81,4968.39,4968.39,7253.42,3118.09,3118.09,No. eggs produced per 10m^2,NA,NA,Sebastes atrovirens,
1422,Point Lobos State and Ecological Reserve,2,Transect count,Species,Scorpaenidae,Sebastes,chrysomelas,NA,Reproductive potential,Standard error,NTZ,Monterey Bay National Marine Reserve,Open to fishing,27584.58,12078.67,12078.67,9150.78,1937.45,1937.45,No. eggs produced per 10m^2,NA,NA,Sebastes chrysomelas,
1422,Point Lobos State and Ecological Reserve,3,NA,NA,NA,NA,NA,NA,NA,NA,NA,NA,NA,NA,NA,NA,NA,NA,NA,NA,NA,NA,NA,
1422,Point Lobos State and Ecological Reserve,4,NA,NA,NA,NA,NA,NA,NA,NA,NA,NA,NA,NA,NA,NA,NA,NA,NA,NA,NA,NA,NA,
1422,Point Lobos State and Ecological Reserve,5,NA,NA,NA,NA,NA,NA,NA,NA,NA,NA,NA,NA,NA,NA,NA,NA,NA,NA,NA,NA,NA,
1422,Big Creek Marine Ecological Reserve,1,Transect count,Species,Scorpaenidae,Sebastes,atrovirens,NA,Reproductive potential,Standard error,NTZ,Monterey Bay National Marine Sanctuary,NTZ,11723.5,4992.56,4992.56,10737.3,2862.19,2862.19,No. eggs produced per 10m^2,NA,NA,Sebastes atrovirens,
1422,Big Creek Marine Ecological Reserve,2,Transect count,Species,Scorpaenidae,Sebastes,atrovirens,NA,Reproductive potential,Standard error,NTZ,Monterey Bay National Marine Reserve,Open to fishing,3926.35,2516.61,2516.61,5152.91,3413.95,3413.95,No. eggs produced per 10m^2,NA,NA,Sebastes atrovirens,
1422,Big Creek Marine Ecological Reserve,3,NA,NA,NA,NA,NA,NA,NA,NA,NA,NA,NA,NA,NA,NA,NA,NA,NA,NA,NA,NA,NA,
1422,Big Creek Marine Ecological Reserve,4,NA,NA,NA,NA,NA,NA,NA,NA,NA,NA,NA,NA,NA,NA,NA,NA,NA,NA,NA,NA,NA,
1422,Big Creek Marine Ecological Reserve,5,NA,NA,NA,NA,NA,NA,NA,NA,NA,NA,NA,NA,NA,NA,NA,NA,NA,NA,NA,NA,NA,
1020,Mean total density inside vs outisde (Fig. 5),1,Transect count,Species,Strombidae,Strombus,Strombus gigas,NA,Density,95% confidence intervals,PPS,East Harbour Lobster and Conch Reserve,Open to fishing,753.49,1176.74,334.88,320.93,469.77,176.74,counch/hectare,NA,No,Strombus Strombus gigas,
1020,Mean total density inside vs outisde (Fig. 5),2,NA,NA,NA,NA,NA,NA,NA,NA,NA,NA,NA,NA,NA,NA,NA,NA,NA,NA,NA,No,NA,
1020,Mean total density inside vs outisde (Fig. 5),3,NA,NA,NA,NA,NA,NA,NA,NA,NA,NA,NA,NA,NA,NA,NA,NA,NA,NA,NA,No,NA,
1020,Mean total density inside vs outisde (Fig. 5),4,NA,NA,NA,NA,NA,NA,NA,NA,NA,NA,NA,NA,NA,NA,NA,NA,NA,NA,NA,No,NA,
1020,Mean total density inside vs outisde (Fig. 5),5,NA,NA,NA,NA,NA,NA,NA,NA,NA,NA,NA,NA,NA,NA,NA,NA,NA,NA,NA,No,NA,
1590,"Used BUVs so there's more data but the rest is just inside outside, only egg production implies the possibility of spillover ",1,Stationary count,Species,Sparidae,Chrysophrys,auratus,NA,Egg production,NA,NTZ,Cape Rodney-Okakari Point Marine Reserve,Open to fishing,440691,NA,NA,18934,NA,NA,Daily batch fecundity per BUV deployment,NA,NA,Chrysophrys auratus,
1590,"Used BUVs so there's more data but the rest is just inside outside, only egg production implies the possibility of spillover ",2,Stationary count,Species,Sparidae,Chrysophrys,auratus,NA,Egg production,NA,NTZ,Tawharanui Marine Park,Open to fishing,112792,NA,NA,16696,NA,NA,Daily batch fecundity per BUV deployment,NA,NA,Chrysophrys auratus,
1590,"Used BUVs so there's more data but the rest is just inside outside, only egg production implies the possibility of spillover ",3,Stationary count,Species,Sparidae,Chrysophrys,auratus,NA,Egg production,NA,NTZ,Te Whanganui a Hei Marine Reserve,Open to fishing,117606,NA,NA,7704,NA,NA,Daily batch fecundity per BUV deployment,NA,NA,Chrysophrys auratus,
1590,"Used BUVs so there's more data but the rest is just inside outside, only egg production implies the possibility of spillover ",4,NA,NA,NA,NA,NA,NA,NA,NA,NA,NA,NA,NA,NA,NA,NA,NA,NA,NA,NA,NA,NA,
1590,"Used BUVs so there's more data but the rest is just inside outside, only egg production implies the possibility of spillover ",5,NA,NA,NA,NA,NA,NA,NA,NA,NA,NA,NA,NA,NA,NA,NA,NA,NA,NA,NA,NA,NA,