paper.id,.spatial.scale,.study.duration,result.index,mpa.name,method,sample.unit,family,genus,species,functional.group,n.individuals,home.range,study.metric,ci.type,metric.value,upper.ci,lower.ci,prop.move.pattern,n.crossed.boundary,cross.boundary.freq,residence.inside,residence.outside,seasonal.ontogenetic,habitat.component.present,significant,full.name
11,1 km,3 lunar months,1,Barbados Marine Reserve,Mark Recapture,Species group,Acanthuridae,Acanthurus,bahianus,NA,522,NA,Weighted median recapture range (m),NA,88,NA,NA,NA,1,NA,NA,NA,NA,Sand and rubble patches inhibited movement,NA,Acanthurus bahianus
11,1 km,3 lunar months,2,Barbados Marine Reserve,Mark Recapture,Species group,Acanthuridae,Acanthurus,coeruleus,NA,127,NA,Weighted median recapture range (m),NA,39,NA,NA,NA,NA,NA,NA,NA,NA,Sand and rubble patches inhibited movement,NA,Acanthurus coeruleus
11,1 km,3 lunar months,3,Barbados Marine Reserve,Mark Recapture,Species group,Balistidae,Cantherines,pullus,NA,74,NA,Weighted median recapture range (m),NA,43,NA,NA,NA,NA,NA,NA,NA,NA,Sand and rubble patches inhibited movement,NA,Cantherines pullus
11,1 km,3 lunar months,1,Barbados Marine Reserve,Mark Recapture,Species group,Chaetodontidae,Chaetodon,striatus,NA,44,NA,Weighted median recapture range (m),NA,65,NA,NA,NA,NA,NA,NA,NA,NA,Sand and rubble patches inhibited movement,NA,Chaetodon striatus
11,1 km,3 lunar months,2,Barbados Marine Reserve,Mark Recapture,Species group,Haemulidae,Haemulon ,flavolineatum,NA,97,NA,Weighted median recapture range (m),NA,0,NA,NA,NA,NA,NA,NA,NA,NA,Sand and rubble patches inhibited movement,NA,Haemulon  flavolineatum
11,1 km,3 lunar months,3,Barbados Marine Reserve,Mark Recapture,Species group,Holocentridae,Holocentrus,adscensionis,NA,22,NA,Weighted median recapture range (m),Standard Deviation,22,NA,NA,NA,NA,NA,NA,NA,NA,Sand and rubble patches inhibited movement,NA,Holocentrus adscensionis
11,1 km,3 lunar cycles,1,Barbados Marine Reserve,Mark Recapture,Species group,Holocentridae,Holocentrus,rufus,NA,24,NA,Weighted median recapture range (m),NA,0,NA,NA,NA,NA,NA,NA,NA,NA,Sand and rubble patches inhibited movement,NA,Holocentrus rufus
11,1 km,3 lunar cycles,2,Barbados Marine Reserve,Mark Recapture,Species group,Holocentridae,Myripristis,jacobus,NA,37,NA,Weighted median recapture range (m),NA,0,NA,NA,NA,NA,NA,NA,NA,NA,Sand and rubble patches inhibited movement,NA,Myripristis jacobus
11,1 km,3 lunar cycles,3,Barbados Marine Reserve,Mark Recapture,Species group,Pomacanthidae,Holocanthus,tricolor,NA,26,NA,Weighted median recapture range (m),NA,62,NA,NA,NA,NA,NA,NA,NA,NA,Sand and rubble patched inhibited movement,NA,Holocanthus tricolor
11,1 km,3 lunar months,1,Barbados Marine Reserve,Mark Recapture,Species group,Pomacentridae,Microspathodon,chrysurus,NA,117,NA,Weighted median recapture range,NA,0,NA,NA,NA,NA,NA,NA,NA,NA,Sand and rubble patches inhibited movement,NA,Microspathodon chrysurus
11,1 km,3 lunar months,2,Barbados Marine Reserve,Mark Recapture,Species group,Sacridae,Sparisoma,viride,NA,56,NA,Weighted median recapture range (m),NA,43,NA,NA,NA,NA,NA,NA,NA,NA,Sande and rubble patches inhibited movement,NA,Sparisoma viride
11,1 km,3 lunar months,3,Barbados Marine Reserve,Mark Recapture,Species group,Serranidae,Epinephelus,cruentatus,NA,29,NA,Weighted median recapture range (m),NA,0,NA,NA,NA,NA,NA,NA,NA,NA,Sand and rubble patches inhibited movement,NA,Epinephelus cruentatus
11,1 km,3 lunar months,1,Barbados Marine Reserve,Mark Recapture,Species group,Serranidae,Epinephelus,fulvus,NA,21,NA,Weighted median recapture range (m),NA,0,NA,NA,NA,NA,NA,NA,NA,NA,Sand and rubble inhibited movement,NA,Epinephelus fulvus
11,1 km,3 lunar months,2,Barbados Marine Reserve,Individual re-sightings,Species group,Acanthuridae,Acanthurus,bahianus,NA,522,NA,Weighted median resighting distance (m),NA,41,NA,NA,NA,1,NA,NA,NA,NA,Sand and rubble patches inhibited movement,NA,Acanthurus bahianus
11,1 km,3 lunar months,3,Barbados Marine Reserve,Individual re-sightings,Species group,Acanthuridae,Acanthurus,coeruleus,NA,127,NA,Weighted median resighting distance (m),NA,44,NA,NA,NA,NA,NA,NA,NA,NA,Sand and rubble patches inhibited movement,NA,Acanthurus coeruleus
11,1 km,3 lunar months,1,Barbados Marine Reserve,Individual re-sightings,Species group,Balistidae,Cantherines,pullus,NA,74,NA,Weighted median resighting distance (m),NA,22,NA,NA,NA,NA,NA,NA,NA,NA,Sand and rubble patches inhibited movement,NA,Cantherines pullus
11,1 km,3 lunar months,2,Barbados Marine Reserve,Individual re-sightings,Species group,Chaetodontidae,Chaetodon,striatus,NA,44,NA,Weighed median resighting distance (m),NA,39,NA,NA,NA,NA,NA,NA,NA,NA,Sand and rubble patches inhibited movement,NA,Chaetodon striatus
11,1 km,3 lunar months,3,Barbados Marine Reserve,Individual re-sightings,Species group,Haemulidae,Haemulon,chrysargyreum,NA,21,NA,Weighted median resighting distance (m),NA,0,NA,NA,NA,NA,NA,NA,NA,NA,Sand and rubble patches inhibited movement,NA,Haemulon chrysargyreum
11,1 km,3 lunar months,1,Barbados Marine Reserve,Individual re-sightings,Species group,Haemulidae,Haemulon,flavolineatum,NA,97,NA,Weighted median resighting distance (m),NA,0,NA,NA,NA,NA,NA,NA,NA,NA,Sand and rubble patches inhibited movement,NA,Haemulon flavolineatum
11,1 km,3 lunar months,2,Barbados Marine Reserve,Individual re-sightings,Species group,Holocentridae,Holocentrus,refus,NA,24,NA,Weighted median resighting distance (m),NA,0,NA,NA,NA,NA,NA,NA,NA,NA,Sand and rubble patches inhibited movement,NA,Holocentrus refus
11,1 km,3 lunar months,3,Barbados Marine Reserve,Individual re-sightings,Species group,Pomacanthidae,Holocanthus,tricolor,NA,26,NA,Weighted median resighting distance (m),NA,0,NA,NA,NA,NA,NA,NA,NA,NA,Sand and rubble patches inhibited movement,NA,Holocanthus tricolor
11,1 km,3 lunar months,1,Barbados Marine Reserve,Individual re-sightings,Species group,Pomacentridae,Microspathodon,chrysurus,NA,117,NA,Weighted median resighting distance (m),NA,0,NA,NA,NA,NA,NA,NA,NA,NA,Sand and rubble patches inhibited movement,NA,Microspathodon chrysurus
11,1 km,3 lunar months,2,Barbados Marine Reserve,Individual re-sightings,Species group,Scaridae,Scarus,taeniopterus,NA,27,NA,Weighted median resighting distance (m),NA,0,NA,NA,NA,NA,NA,NA,NA,NA,Sand and rubble patches inhibited movement,NA,Scarus taeniopterus
11,1 km,3 lunar months,3,Barbados Marine Reserve,Individual re-sightings,Species group,Scaridae,Sparisoma,aurofrenatum,NA,27,NA,Weighted median resighting distance (m),NA,0,NA,NA ,NA,NA,NA,NA,NA,NA,Sand and rubble patches inhibited movement,NA,Sparisoma aurofrenatum
11,1 km,3 lunar months,1,Barbados Marine Reserve,Mark Recapture,Species group,Scaridae,Sparisoma,viride,NA,56,NA,Weighted median resighting distance (m),NA,27,NA,NA,NA,NA,NA,NA,NA,NA,Sand and rubble patches inhibited movement,NA,Sparisoma viride
11,1 km,3 lunar months,2,Barbados Marine Reserve,Individual re-sightings,Species group,Serrandiae,Epinephelus,cruentatus,NA,29,NA,Weighted median resighting distance (m),NA,0,NA,NA,NA,NA,NA,NA,NA,NA,Sand and rubble patches inhibited movement,NA,Epinephelus cruentatus
11,1 km,3 lunar months,3,Barbados Marine Reserve,Individual re-sightings,Species group,Serrandiae,Epinephelus,fulvus,NA,21,NA,Weighted median resighting distance (m),NA,0,NA,NA,NA,NA,NA,NA,NA,NA,Sand and rubble inhibited movement,NA,Epinephelus fulvus
52,25 kilometres,9 years,1,Bolærne lobster reserve,Mark Recapture,Species group,Nephropidae,Homarus,gammarus,NA,4682,NA,Mean/median distance moved/recaptured,min/max,1037 metres,24670 metres,35 metres,NA,NA,NA,NA,NA,NA,NA,NA,Homarus gammarus
52,25 kilometres,9 years,2,Flødevigen lobster reserve,Mark Recapture,Species group,Nephropidae,Homarus,gammarus,NA,3317,NA,Mean/median distance moved/recaptured,min/max,1047,16690,34,NA,NA,NA,NA,NA,NA,NA,NA,Homarus gammarus
52,25 kilometres,9 years,3,Kvernskjær lobster reserve,NA,NA,NA,NA,NA,NA,NA,NA,NA,NA,NA,NA,NA,NA,NA,NA,NA,NA,NA,NA,NA,NA
85,7 km^2,8 years,1,Tvedestrand fjord Fish Protection Area,Telemetry,Species group,Gadidae,Gadus,morhua,NA,282,0.29,time at risk,NA,0.7,NA,NA,0.3,198,NA,NA,NA,Seasonal,NA,NA,Gadus morhua
85,7 km^2,8 years,2,Tvedestrand fjord Fish Protection Area,acoustic,Species group,Labridae,Labrus,bergylta,NA,22,0.23,time at risk,NA,0.36,NA,NA,0.64,8,NA,NA,NA,Seasonal,NA,NA,Labrus bergylta
85,7 km^2,8 years,3,Tvedestrand fjord Fish Protection Area,acoustic,Species group,Gadidae,Pollachius,pollachius,NA,23,0.35,time at risk,NA,0.86,NA,NA,0.14,20,NA,NA,NA,Seasonal,NA,NA,Pollachius pollachius
181,12 km ,2 years,1,Maria Island National Park,Mark Recapture,Species group,Palinuridae,Jasus,Jasus edwardsii,NA,"4,059",NA,Maximum distance moved/recaptured,NA,200 m (majority movement distance),NA,NA,90%,4,"Very rarely: only 4 individuals out of 4,059 tagged (~0.001)",High; majority of tagged lobsters remained inside for entire 1–2 year study,NA,"Sex-based differences tested, none found","reef habitat important, limited movement across adjacent sand barriers",NA,Jasus Jasus edwardsii
181,12 km ,2 years,2,Maria Island National Park,NA,NA,NA,NA,NA,NA,NA,NA,NA,NA,NA,NA,NA,NA,NA,NA,NA,NA,NA,NA,NA,NA
181,12 km ,2 years,3,Maria Island National Park,NA,NA,NA,NA,NA,NA,NA,NA,NA,NA,NA,NA,NA,NA,NA,NA,NA,NA,NA,NA,NA,NA
209,>20,11 years,1,Su Pallosu no-take area,Mark Recapture,Species group,Palinuridae,Palinurus,elephas,NA,5718,~2.5,Number of individuals recaptured within no-take area,NA,294,NA,NA,0.62,NA,NA,NA,NA,NA,NA,NA,Palinurus elephas
209,>20,11 years,2,Su Pallosu no-take area,Mark Recapture,Species group,Palinuridae,Palinurus,elephas,NA,5718,~2.5,Number of individuals captured between NTZ border and 2.5 km,NA,71,NA,NA,0.15,NA,NA,NA,NA,NA,NA,NA,Palinurus elephas
209,>20,11 years,3,Su Pallosu no-take area,Mark Recapture,Species group,Palinuridae,Palinurus,elephas,NA,5718,~2.5,Number of individuals recaptured from 2.5-5km from NTZ boundary,NA,62,NA,NA,0.13,NA,NA,NA,NA,NA,NA,NA,Palinurus elephas
209,>20,11 years,1,Su Pallosu no-take area,Mark Recapture,Species group,Palinuridae,Palinurus,elephas,NA,5178,~2.5,Number of individuals recaptured 5-10 km from NTZ boundary,NA,19,NA,NA,0.04,NA,NA,NA,NA,NA,NA,NA,Palinurus elephas
209,>20,11 years,2,Su Pallosu no-take area,Mark Recapture,Species group,Palinuridae,Palinurus,elephas,NA,5718,~2.5,Number of individuals recaptured 10-20 km from NTZ boundary,NA,19,NA,NA,0.04,NA,NA,NA,NA,NA,NA,NA,Palinurus elephas
209,>20,11 years,3,Su Pallosu no-take area,Mark Recapture,Species group,Palinuridae,Palinurus,elephas,NA,5718,~2.5,Number of individuals recaptured >20 km from NTZ boundary,NA,10,NA,NA,0.02,NA,NA,NA,NA,NA,NA,NA,Palinurus elephas
263,NA,<415 days,1,Castle Rock Marine Protected Area,Kernel Density Estimate,Species group,Sparidae,Chrysoblephus,laticeps,NA,13,NA,95% Kernel home range (m^2),NA,1000-3000 m^2,NA,NA,NA,NA,NA,NA,NA,Spawning,NA,NA,Chrysoblephus laticeps
263,NA,<415 days,2,Castle Rock Marine Protected Area,NA,NA,NA,NA,NA,NA,NA,NA,NA,NA,NA,NA,NA,NA,NA,NA,NA,NA,NA,NA,NA,NA
263,NA,<415 days,3,Castle Rock Marine Protected Area,NA,NA,NA,NA,NA,NA,NA,NA,NA,NA,NA,NA,NA,NA,NA,NA,NA,NA,NA,NA,NA,NA
296,NA,6 months,1,Robert’s MPA,"Mark Recapture, Acoustic Telemetry",Species group,Acanthuridae,Acanthurus,chirurgus,NA,30,4660 m² ,Mean/median distance moved/recaptured,NA,4 km,4.8 km,2.4 km,NA,6,NA,NA,NA,NA,preference for rocky reef,NA,Acanthurus chirurgus
296,NA,6 months,2,Robert’s MPA,"Mark Recapture, Acoustic Telemetry ",Species group,Labridae,Sparisoma,viride,NA,14,3220 m,Maximum distance moved/recaptured,NA,3.7 km,NA,NA,NA,1,NA,NA,NA,NA,NA,NA,Sparisoma viride
296,NA,6 months,3,Robert’s MPA,NA,NA,NA,NA,NA,NA,NA,NA,NA,NA,NA,NA,NA,NA,NA,NA,NA,NA,NA,NA,NA,NA
272,NA,490 days,1,Long Island - Kokomohua Marine Reserve,Individual re-sightings,Species group,Pinguipedidae,Parapercis,colias,NA,90,NA,Mean/median distance moved/recaptured,Standard Error,72.55,10.05,10.05,NA,0,0,100%,0,NA,NA,NA,Parapercis colias
272,NA,490 days,2,Long Island - Kokomohua Marine Reserve,Individual re-sightings,Species group,Pinguipedidae,Parapercis,colias,NA,90,NA,Mean/median distance moved/recaptured,Standard Error,52.26,3.3,3.3,NA,0,NA,0,100%,NA,NA,NA,Parapercis colias
272,NA,490 days,3,Long Island - Kokomohua Marine Reserve,NA,NA,NA,NA,NA,NA,NA,NA,NA,NA,NA,NA,NA,NA,NA,NA,NA,NA,NA,NA,NA,NA
379,NA,938 days,1,Monte da Guia Marine Reserve,Telemetry,Species group,Scaridae,Sparisoma,cretense,NA,12,NA,Median Home range 50% kernel utilisation distribution (core area) (m^2),NA,37000,NA,NA,NA,NA,NA,NA,NA,Seasonal and spawning,NA,NA,Sparisoma cretense
379,NA,938 days,2,Monte da Guia Marine Reserve,NA,NA,NA,NA,NA,NA,NA,NA,NA,NA,NA,NA,NA,NA,NA,NA,NA,NA,NA,NA,NA,NA
379,NA,938 days,3,Monte da Guia Marine Reserve,NA,NA,NA,NA,NA,NA,NA,NA,NA,NA,NA,NA,NA,NA,NA,NA,NA,NA,NA,NA,NA,NA
425,<5km of the centre of the MPA,8 years,1,Su Pallosu no-take area,Mark Recapture,Species group,Palinuridae,Palinurus,elephas,NA,4044,NA,No. lobster recaptured outside MPA,NA,164,NA,NA,NA,NA,NA,NA,NA,NA,NA,NA,Palinurus elephas
425,<5km of the centre of the MPA,8 years,2,Su Pallosu no-take area,Mark Recapture,Species group,Palinuridae,Palinurus,elephas,NA,4044,NA,No. lobster recaptured inside the MPA,NA,153,NA,NA,NA,NA,NA,NA,NA,NA,NA,NA,Palinurus elephas
425,<5km of the centre of the MPA,8 years,3,Su Pallosu no-take area,NA,NA,NA,NA,NA,NA,NA,NA,NA,NA,NA,NA,NA,NA,NA,NA,NA,NA,NA,NA,NA,NA
420,5km of coastline,15 months,1,Luiz Saldanha Marine Park,acoustic telemetry,Species group,Soleidae,Solea,senegalensis,NA,22,NA,"MCP, KUD 50%, KUD 95%",NA,NA,0.54,2.22,NA,NA,NA,NA,NA,NA,sand,NA,Solea senegalensis
420,5km of coastline,15 months,2,Luiz Saldanha Marine Park,NA,NA,NA,NA,NA,NA,NA,NA,NA,NA,NA,NA,NA,NA,NA,NA,NA,NA,NA,NA,NA,NA
420,5km of coastline,15 months,3,Luiz Saldanha Marine Park,NA,NA,NA,NA,NA,NA,NA,NA,NA,NA,NA,NA,NA,NA,NA,NA,NA,NA,NA,NA,NA,NA
1131,<300 km,48 months,1,No-take Banana River,Telemetry,Species group,Sciaenidae,Sciaenops,ocellatus,NA,16 km,NA,Maximum distance moved/recaptured,Standard Error,53.58,16.24,16.24,NA,13,Average of 64.4 excursions per year,74.86%,25.14%,Seasonal,No,NA,Sciaenops ocellatus
1131,<300 km,48 months,2,No-take Banana River,Telemetry,Species group,Sciaenidae,Pogonias,cromis,NA,16,NA,Maximum distance moved/recaptured,Standard Error,35 km,9.06,9.06,NA,15,Average 726.4 excursions per year,56.86,43.14,Seasonal,NA,NA,Pogonias cromis
1131,<300 km,48 months,3,No-take Banana River,Telemetry,Species group,Sciaenidae,Cynoscion,nebulosus,NA,12,NA,Maximum distance moved/recaptured,Standard Error,2.62 km,2.47,2.47,NA,7,Average 12.2 excursions per year,98.15%,1.85%,Seasonal,NA,NA,Cynoscion nebulosus
1131,<300 km,48 months,1,No-take Banana Creek,Telemetry,Species group,Sciaenidae,Sciaenops,ocellatus,NA,17,NA,Maximum distance moved/recaptured,Standard Error,40.93 km,14.22,14.22,NA,12,Average of 44.4 excursions per year,74.98,25.02,Seasonal,NA,NA,Sciaenops ocellatus
1131,<300 km,48 months,2,No-take Banana Creek,Telemetry,Species group,Sciaenidae,Pogonias,cromis,NA,14,NA,Maximum distance moved/recaptured,Standard Error,74.98 km,45.93,45.93,NA,12,Average of 142.3 trips per year,78.18%,21.82,Seasonal,NA,NA,Pogonias cromis
1131,<300 km,48 months,3,No-take Banana Creek,Telemetry,Species group,Sciaenidae,Cynoscion,nebulosus,NA,11,NA,Maximum distance moved/recaptured,Standard Error,5.55,5.24,5.24,NA,5,Average 17.4 times per year,91.60%,8.40%,Seasonal,NA,NA,Cynoscion nebulosus
1184,5 km of coastline,215-2122 days,1,Monte da Guia Marine Reserve,Telemetry,Species group,Serranidae,Epinephelus,marginatus,NA,11,0.02,Residence time,NA,0.59,NA,NA,NA,7,NA,NA,NA,Considered temporal cycles separately to these results,NA,NA,Epinephelus marginatus
1184,5 km of coastline,215-2122 days,2,Monte da Guia Marine Reserve,Telemetry,Species group,Serranidae,Serranus,atricauda,NA,9,0.02,Residence time,NA,0.52,NA,NA,NA,2,NA,NA,NA,Temporal variability was considered separately to these results,NA,NA,Serranus atricauda
1184,5 km of coastline,215-2122 days,3,Monte da Guia Marine Reserve,NA,NA,NA,NA,NA,NA,NA,NA,NA,NA,NA,NA,NA,NA,NA,NA,NA,NA,NA,NA,NA,NA
1184,5 km of coastline,215-2122 days,1,Monte da Guia Marine Reserve,Telemetry,Species group,Serranidae,Epinephelus,marginatus,NA,11,0.02,Residence time,NA,0.4,NA,NA,NA,4,NA,NA,NA,Considered temporal cycles separately to these results,NA,NA,Epinephelus marginatus
1184,5 km of coastline,215-2122 days,2,Monte da Guia Marine Reserve,Telemetry,Species group,Serranidae,Serranus,atricauda,NA,9,0.02,Residence time,NA,0.65,NA,NA,NA,0,NA,NA,NA,Considered temporal cycles separately to these results,NA,NA,Serranus atricauda
1184,5 km of coastline,215-2122 days,3,Monte da Guia Marine Reserve,NA,NA,NA,NA,NA,NA,NA,NA,NA,NA,NA,NA,NA,NA,NA,NA,NA,NA,NA,NA,NA,NA
852,~ 3 km (diameter of the tracked reserve area),481 days,1,Edgecumbe Pinnacles Marine Reserve,Telemetry,Species group,Hexagrammidae,Ophiodon,Ophiodon elongatus,NA,43,NA,Residence time,Standard Error,12.1,13.1,11.1,NA,3,≈ 0.1075/day (~1 every 9.3 days),12.1,6.5,Seasonal,"Yes, associated with rocky pinnacles (high-relief reef habitat)",NA,Ophiodon Ophiodon elongatus
852,~ 3 km (diameter of the tracked reserve area),481 days,2,Edgecumbe Pinnacles Marine Reserve,Telemetry,Species group,Hexagrammidae,Ophiodon,Ophiodon elongatus,NA,43,NA,Residence time,Standard Error,6.5,7.3,5.7,NA,3,≈ 0.1075/day (~1 every 9.3 days),12.1,6.5,Seasonal,"Yes, associated with rocky pinnacles (high-relief reef habitat)",NA,Ophiodon Ophiodon elongatus
852,~ 3 km (diameter of the tracked reserve area),481 days,3,Edgecumbe Pinnacles Marine Reserve,NA,NA,NA,NA,NA,NA,NA,NA,NA,NA,NA,NA,NA,NA,NA,NA,NA,NA,NA,NA,NA,NA
852,~ 3 km (diameter of the tracked reserve area) ,429 days,1,Edgecumbe Pinnacles Marine Reserve,Telemetry,Species group,Hexagrammidae,Ophiodon,Ophiodon elongatus,NA,40,NA,Residence time,Standard Error,15.4,16.4,14.4,NA,4,0.0870/day (~1 every 11.5 days),15.4,7.6,Seasonal,"Yes, associated with rocky pinnacles (high-relief reef habitat)",NA,Ophiodon Ophiodon elongatus
852,~ 3 km (diameter of the tracked reserve area) ,429 days,2,Edgecumbe Pinnacles Marine Reserve,Telemetry,Species group,Hexagrammidae,Ophiodon,Ophiodon elongatus,NA,40,NA,Residence time,Standard Error,7.6,8.9,6.3,NA,4,0.0870/day (~1 every 11.5 days),15.4,7.6,Seasonal,"Yes, associated with rocky pinnacles (high-relief reef habitat)",NA,Ophiodon Ophiodon elongatus
852,~ 3 km (diameter of the tracked reserve area) ,429 days,3,Edgecumbe Pinnacles Marine Reserve,NA,NA,NA,NA,NA,NA,NA,NA,NA,NA,NA,NA,NA,NA,NA,NA,NA,NA,NA,NA,NA,NA
1220,4.16,516 days,1,Edgecumbe Pinnacles Marine Reserve,Telemetry,Species group,Hexagrammidae,Ophiodon,elongatus,NA,43,NA,Residence time,Standard Error,12.1 days,1,1,NA,43,NA,NA,NA,NA,NA,NA,Ophiodon elongatus
1220,4.16,516 days,2,Edgecumbe Pinnacles Marine Reserve,NA,NA,NA,NA,NA,NA,NA,NA,NA,NA,NA,NA,NA,NA,NA,NA,NA,NA,NA,NA,NA,NA
1220,4.16,516 days,3,Edgecumbe Pinnacles Marine Reserve,NA,NA,NA,NA,NA,NA,NA,NA,NA,NA,NA,NA,NA,NA,NA,NA,NA,NA,NA,NA,NA,NA
1239,~6 km,~300 days,1,Cape Rodney-Okakari Point,Individual re-sightings,Species group,Palinuridae,Jasus,edwardsii,NA,737,NA,Mean minimum movement rate,95% confidence intervals,9 m day-1,3.8,3.8,NA,NA,NA,NA,NA,Seasonal,They excluded lobsters tagged on sandflats because they were likely to be more mobile than those on reefs,NA,Jasus edwardsii
1239,~6 km,~300 days,2,Cape Rodney-Okakari Point,Individual re-sightings,Species group,Palinuridae,Jasus,edwardsii,NA,737,NA,Offshore extra-reef movements (into offshore from reserve),NA,10,NA,NA,0.191,36 (includes lobster tagged offshore moving in to reserve),NA,NA,NA,Seasonal,Restricted to reefs,NA,Jasus edwardsii
1239,~6 km,~300 days,3,Cape Rodney-Okakari Point,Individual re-sightings,Species group,Palinuridae,Jasus,edwardsii,NA,737,NA,Longshore movement >250 m,NA,27,NA,NA,0.146,7,NA,NA,NA,Seasonal,NA,NA,Jasus edwardsii
1088,3,32 months,1,Cerbère-Banyuls Marine Reserve,Telemetry,Species group,Sciaenidae,Sciaena,Sciaena umbra,NA,20,< 1.0 ­km2,Residence time,NA,0.98,NA,NA,1,5 (FPA-PPA),Occasionally; short seasonal excursions (1–3 days) around May–June each year.,0.98,0.83,Seasonal,Rocky reefs and coralligenous outcrops (5–20 m depth) were key habitats; sandy and seagrass areas limited movements between the FPA and PPA.,NA,Sciaena Sciaena umbra
1088,3,32 months,2,Cerbère-Banyuls Marine Reserve,NA,NA,NA,NA,NA,NA,NA,NA,NA,NA,NA,NA,NA,NA,NA,NA,NA,NA,NA,NA,NA,NA
1088,3,32 months,3,Cerbère-Banyuls Marine Reserve,NA,NA,NA,NA,NA,NA,NA,NA,NA,NA,NA,NA,NA,NA,NA,NA,NA,NA,NA,NA,NA,NA
1088,3,32 months,1,Cerbère-Banyuls Marine Reserve,Telemetry,Species group,Sciaenidae,Sciaena,Sciaena umbra,NA,10,< 1.0 ­,Daily movement rate,Standard Error,10.8 km,11.07,10.53,1,1,Occasionally (1–3 days per year around May–June),0.98 (residence index FPA),0.83 (residence index PPA),Seasonal,Rocky reefs and coralligenous outcrops (5–20 m depth),NA,Sciaena Sciaena umbra
1088,3,32 months,2,Cerbère-Banyuls Marine Reserve,Telemetry,Species group,Sciaenidae,Sciaena,Sciaena umbra,NA,10,< 1.0,Daily movement rate,Standard Error,3.3 km,3.42,3.18,1,4,Short 1–3 day excursions per year (May–June),0.83 (residence index PPA),NA,Seasonal,Rocky areas and coralligenous outcrops,NA,Sciaena Sciaena umbra
1088,3,32 months,3,Cerbère-Banyuls Marine Reserve,NA,NA,NA,NA,NA,NA,NA,NA,NA,NA,NA,NA,NA,NA,NA,NA,NA,NA,NA,NA,NA,NA
1064,~20,4 years,1,Lamlash Bay Marine Reserve,Mark Recapture,Species group,Nephropidae,Homarus,Homarus gammarus,NA,78,NA,Mean/median distance moved/recaptured,Standard Error,0.66 km,0.78 km,0.54 km,NA,7,9% of recaptured lobsters,NA,NA,NA,NA,NA,Homarus Homarus gammarus
1064,~20,4 years,2,Lamlash Bay Marine Reserve,NA,NA,NA,NA,NA,NA,NA,NA,NA,NA,NA,NA,NA,NA,NA,NA,NA,NA,NA,NA,NA,NA
1064,~20,4 years,3,Lamlash Bay Marine Reserve,NA,NA,NA,NA,NA,NA,NA,NA,NA,NA,NA,NA,NA,NA,NA,NA,NA,NA,NA,NA,NA,NA
610,50,46 months,1,Pondoland,Mark Recapture,Species group,Sparidae,Polysteganus,praeorbitalis,NA,385,NA,greatest linear distance ,Standard Deviation,642 m,783,401,NA,NA,NA,NA,NA,NA,NA,NA,Polysteganus praeorbitalis
610,50,46 months,2,Pondoland,NA,NA,NA,NA,NA,NA,NA,NA,NA,NA,NA,NA,NA,NA,NA,NA,NA,NA,NA,NA,NA,NA
610,50,46 months,3,Pondoland,NA,NA,NA,NA,NA,NA,NA,NA,NA,NA,NA,NA,NA,NA,NA,NA,NA,NA,NA,NA,NA,NA
1408,NA,~1 year,1,Achang Reef Flat Marine Preserve,Mark Recapture,Species group,Acanthuridae,Acanthurus,triostegus,NA,135,NA,Spillover (numbers),Standard Deviation,1.3,0.96,0.96,NA,3.3,NA,NA,NA,NA,NA,NA,Acanthurus triostegus
1408,NA,~1 year,2,Achang Reef Flat Marine Preserve,Mark Recapture,Species group,Epinephelidae,Epinephelus,merra,NA,40,NA,Spillover (numbers),Standard Deviation,0,NA,NA,NA,0,NA,NA,NA,NA,NA,NA,Epinephelus merra
1408,NA,~1 year,3,Achang Reef Flat Marine Preserve,Mark Recapture,Species group,Mullidae,Mulloidichthys,flavolineatus,NA,65,NA,Spillover (numbers),Standard Deviation,-1.8,1.89,1.89,NA,4.3,NA,NA,NA,NA,NA,NA,Mulloidichthys flavolineatus
1408,NA,~ 1 year,1,Achang Reef Flat Marine Preserve,Mark Recapture,Species group,Acanthuridae,Naso,lituratus,NA,50,NA,Spillover (numbers),Standard Deviation,1.3,0.5,0.5,NA,NA,2.3,NA,NA,NA,NA,NA,Naso lituratus
1408,NA,~ 1 year,2,Achang Reef Flat Marine Preserve,Mark Recapture,Species group,Siganidae,Siganus,spinus,NA,162,NA,Spillover (numbers),Standard Deviation,-0.5,1,1,NA,5.1,NA,NA,NA,NA,NA,NA,Siganus spinus
1408,NA,~ 1 year,3,Achang Reef Flat Marine Preserve,NA,NA,NA,NA,NA,NA,NA,NA,NA,NA,NA,NA,NA,NA,NA,NA,NA,NA,NA,NA,NA,NA
1408,NA,~ 1 year,1,Piti Bomb Holes Marine Preserve,Mark Recapture,Species group,Acanthuridae,Acanthurus,triostegus,NA,135,NA,Spillover (numbers),Standard Deviation,0.5,1.73,1.73,NA,3.3,NA,NA,NA,NA,NA,NA,Acanthurus triostegus
1408,NA,~ 1 year,2,Piti Bomb Holes Marine Preserve,Mark Recapture,Species group,Epinephelidae,Epinephelus,merra,NA,41,NA,Spillover (numbers),Standard Deviation,0,NA,NA,NA,2,NA,NA,NA,NA,NA,NA,Epinephelus merra
1408,NA,~ 1 year,3,Piti Bomb Holes Marine Preserve,Mark Recapture,Species group,Mullidae,Mulloidichthys,flavolineatus,NA,65,NA,Spillover (numbers),Standard Deviation,1,1.15,1.15,NA,2,NA,NA,NA,NA,NA,NA,Mulloidichthys flavolineatus
1408,NA,~ 1 year,1,Piti Bomb Holes Marine Preserve,Mark Recapture,Species group,Acanthuridae,Naso,literatus,NA,48,NA,Spillover (numbers),Standard Deviation,2,0.82,0.82,NA,5.6,NA,NA,NA,NA,NA,NA,Naso literatus
1408,NA,~ 1 year,2,Piti Bomb Holes Marine Preserve,Mark Recapture,Species group,Siganidae,Siganus,spinus,NA,165,NA,Spillover (numbers),Standard Deviation,2.8,1.26,1.26,NA,5.3,NA,NA,NA,NA,NA,NA,Siganus spinus
1408,NA,~ 1 year,3,Piti Bomb Holes Marine Preserve,NA,NA,NA,NA,NA,NA,NA,NA,NA,NA,NA,NA,NA,NA,NA,NA,NA,NA,NA,NA,NA,NA
1408,NA,~ 1 year,1,Tumon Bay Marine Preserve,Mark Recapture,Species group,Acanthuridae,Acanthurus,triostegus,NA,130,NA,Spillover (numbers),Standard Deviation,-1.8,0.96,0.96,NA,4.8,NA,NA,NA,NA,NA,NA,Acanthurus triostegus
1408,NA,~ 1 year,2,Tumon Bay Marine Preserve,Mark Recapture,Species group,Epinephelidae,Epinephelus,merra,NA,40,NA,Spillover (numbers),Standard Deviation,0,NA,NA,NA,0.6,NA,NA,NA,NA,NA,NA,Epinephelus merra
1408,NA,~ 1 year,3,Tumon Bay Marine Preserve,Mark Recapture,Species group,Mullidae,Mulloidichthys,flavolineatus,NA,70,NA,Spillover (numbers),Standard Deviation,0,NA,NA,NA,0,NA,NA,NA,NA,NA,NA,Mulloidichthys flavolineatus
1408,NA,~ 1 year,1,Tumon Bay Marine Preserve,Mark Recapture,Species group,Acanthuridae,Naso,literatus,NA,50,NA,Spillover (numbers),Standard Deviation,1.8,2.06,2.06,NA,2.8,NA,NA,NA,NA,NA,NA,Naso literatus
1408,NA,~ 1 year,2,Tumon Bay Marine Preserve,Mark Recapture,Species group,Siganidae,Siganus,spinus,NA,164,NA,Spillover (numbers),Standard Deviation,-1,1.63,1.63,NA,2.6,NA,NA,NA,NA,NA,NA,Siganus spinus
1408,NA,~ 1 year,3,Tumon Bay Marine Preserve,NA,NA,NA,NA,NA,NA,NA,NA,NA,NA,NA,NA,NA,NA,NA,NA,NA,NA,NA,NA,NA,NA
1055,31,1 year,1,Langebaan Lagoon Marine Protected Area,Telemetry,Species group,Sparidae,Rhabdosargus,Rhabdosargus globiceps,NA,9,NA,Residence time,Standard Deviation,0.77,1,0.51,1,8,8 per month (mean),0.77,0.23,Seasonal,"Sandy channels (unconsolidated sediment, > 2 m depth)",NA,Rhabdosargus Rhabdosargus globiceps
1055,31,1 year,2,Langebaan Lagoon Marine Protected Area,Telemetry,Species group,Sparidae,Rhabdosargus,Rhabdosargus globiceps,NA,10,NA,Residence time,Standard Deviation,0.42,0.67,0.17,1,9,9 per month,0.42,0.58,Seasonal,"Deep sandy channels (>2 m, unconsolidated sediment)",NA,Rhabdosargus Rhabdosargus globiceps
1055,31,1 year,3,Langebaan Lagoon Marine Protected Area,Telemetry,Species group,Sparidae,Rhabdosargus,Rhabdosargus globiceps,NA,9,NA,Residence time,Standard Deviation,0.74,0.92,0.56,1,9,9 per month,0.74,0.26,Seasonal,"Deep sandy channels (>2 m, unconsolidated sediment)",NA,Rhabdosargus Rhabdosargus globiceps
1055,31,1 year,1,Langebaan Lagoon Marine Protected Area,Telemetry,Species group,Sparidae,Rhabdosargus,Rhabdosargus globiceps,NA,10,NA,Residence time,Standard Deviation,0.45,0.72,0.18,1,8,8 per month,0.45,0.55,Seasonal,"Sandy channels (unconsolidated sediment, > 2 m depth)",NA,Rhabdosargus Rhabdosargus globiceps
1055,31,1 year,2,Langebaan Lagoon Marine Protected Area,NA,NA,NA,NA,NA,NA,NA,NA,NA,NA,NA,NA,NA,NA,NA,NA,NA,NA,NA,NA,NA,NA
1055,31,1 year,3,Langebaan Lagoon Marine Protected Area,NA,NA,NA,NA,NA,NA,NA,NA,NA,NA,NA,NA,NA,NA,NA,NA,NA,NA,NA,NA,NA,NA
1431,~600,~1500 days,1,Tsitsikamma National Park,Mark Recapture,Species group,Sparidae,Argyrozona,argyrozona,NA,2338,NA,NA,Proportion captured at site of release,0.9,NA,NA,NA,0.07,NA,NA,NA,Spawning movements,NA,NA,Argyrozona argyrozona
1431,~600,~1500 days,2,Tsitsikamma National Park,NA,NA,NA,NA,NA,NA,NA,NA,NA,NA,NA,NA,NA,NA,NA,NA,NA,NA,NA,NA,NA,NA
1431,~600,~1500 days,3,Tsitsikamma National Park,NA,NA,NA,NA,NA,NA,NA,NA,NA,NA,NA,NA,NA,NA,NA,NA,NA,NA,NA,NA,NA,NA
1442,1000,2 years,1,Great Barrier Reef Marine Park,Mark Recapture,Species group,Sphyrnidae,Sphyrna,mokarran,NA,7,NA,Maximum distance moved/recaptured,NA,709,NA,NA,NA,4.2,NA,NA,NA,NA,NA,NA,Sphyrna mokarran
1442,1000,2 years,2,Great Barrier Reef Marine Park,Mark Recapture,Species group,Carcharhinidae,Carcharhinus,limbatus,NA,58,NA,Maximum distance moved/recaptured,NA,353.13 km,NA,NA,NA,14.5,NA,NA,NA,NA,NA,NA,Carcharhinus limbatus
1442,1000,2 years,3,Great Barrier Reef Marine Park,Mark Recapture,Species group,Carcharhinidae,Rhizoprionodon,acutus,NA,6,NA,Maximum distance moved/recaptured,NA,96.49 km,NA,NA,NA,1.02,NA,NA,NA,NA,NA,NA,Rhizoprionodon acutus
1442,1000,2 years,1,Great Barrier Reef Marine Park,Mark Recapture,Species group,Carcharhinidae,Carcharhinus,sorrah,NA,32,NA,Maximum distance moved/recaptured,NA,715.0 km,NA,NA,NA,12.8,NA,NA,NA,NA,NA,NA,Carcharhinus sorrah
1442,1000,2 years,2,Great Barrier Reef Marine Park,Mark Recapture,Species group,Carcharhinidae,Carcharhinus,fitzroyensis,NA,11,NA,Maximum distance moved/recaptured,NA,134.5 km,NA,NA,NA,4.95,NA,NA,NA,NA,NA,NA,Carcharhinus fitzroyensis
1442,1000,2 years,3,Great Barrier Reef Marine Park,Mark Recapture,Species group,Carcharhinidae,Negaprion,brevirostris,NA,1,NA,Maximum distance moved/recaptured,NA,32.39 km,NA,NA,NA,0,NA,NA,NA,NA,NA,NA,Negaprion brevirostris
1442,1000,2 years,1,Great Barrier Reef Marine Park,Mark Recapture,Species group,Carcharinidae,Rhizoprionodon,taylori,NA,8,NA,Maximum distance moved/recaptured,NA,61.62 km,NA,NA,NA,1,NA,NA,NA,NA,NA,NA,Rhizoprionodon taylori
1442,1000,2 years,2,Great Barrier Reef Marine Park,Mark Recapture,Species group,Carcharhinidae,Carcharhinus,amboinensis,NA,67,NA,Maximum distance moved/recaptured,NA,167.47 km,NA,NA,NA,26.8,NA,NA,NA,NA,NA,NA,Carcharhinus amboinensis
1442,1000,2 years,3,Great Barrier Reef Marine Park,Mark Recapture,Species group,Sphyrnidae,Sphyrna,lewini,NA,13,NA,Maximum distance moved/recaptured,NA,56.97 km,NA,NA,NA,0,NA,NA,NA,NA,NA,NA,Sphyrna lewini
1442,1000,2 years,1,Great Barrier Reef Marine Park,Mark Recapture,Species group,Carcharhinidae,Carcharhinus,macloti,NA,1,NA,Maximum distance moved/recaptured,NA,11.67 km,NA,NA,NA,0,NA,NA,NA,NA,NA,NA,Carcharhinus macloti
1442,1000,2 years,2,Great Barrier Reef Marine Park,Mark Recapture,Species group,Carcharhinidae,Carcharhinus,dussumieri,NA,2,NA,Maximum distance moved/recaptured,NA,10.68 km,NA,NA,NA,0,NA,NA,NA,NA,NA,NA,Carcharhinus dussumieri
1442,1000,2 years,3,Great Barrier Reef Marine Park,Mark Recapture,Species group,Carcharhinidae,Carcharhinus ,leucas,NA,12,NA,Maximum distance moved/recaptured,NA,55.47 km,NA,NA,NA,0,NA,NA,NA,NA,NA,NA,Carcharhinus  leucas
1442,1000,2 years,1,Great Barrier Reef Marine Park,Mark Recapture,Species group,Carcharhinidae,Carcharhinus,melanopterus,NA,25,NA,Maximum distance moved/recaptured,NA,174.4,NA,NA,NA,0,NA,NA,NA,NA,NA,NA,Carcharhinus melanopterus
1442,1000,2 years,2,Great Barrier Reef Marine Park,Mark Recapture,Species group,Galeocerdonidae,Galeocerdo,cuvier,NA,1,NA,Maximum distance moved/recaptured,NA,7.76,NA,NA,NA,0,NA,NA,NA,NA,NA,NA,Galeocerdo cuvier
1442,1000,2 years,3,Great Barrier Reef Marine Park,Mark Recapture,Species group,Carcharhinidae,Carcharhinus,cautus,NA,4,NA,Maximum distance moved/recaptured,NA,2.65,NA,NA,NA,0,NA,NA,NA,NA,NA,NA,Carcharhinus cautus
1442,1000,2 years,1,Great Barrier Reef Marine Park,Mark Recapture,Species group,Ginglymostomatidae,Nebrius,ferrugineus,NA,2,NA,Maximum distance moved/recaptured,NA,1.86 km,NA,NA,NA,0,NA,NA,NA,NA,NA,NA,Nebrius ferrugineus
1442,1000,2 years,2,Great Barrier Reef Marine Park,Mark Recapture,Species group,Sphyrnidae,Eusphyra,blochii,NA,1,NA,Maximum distance moved/recaptured,NA,2.14 km,NA,NA,NA,0,NA,NA,NA,NA,NA,NA,Eusphyra blochii
1442,1000,2 years,3,Great Barrier Reef Marine Park,Mark Recapture,Species group,Hemiscylliidae,Chiloscyllium,punctatum,NA,3,NA,Maximum distance moved/recaptured,NA,0.50 km,NA,NA,NA,0, NA,NA,NA,NA,NA,NA,Chiloscyllium punctatum
1442,1000,2 years,1,Great Barrier Reef Marine Park,Mark Recapture,Species group,Stegostomatidae,Stegostoma,tigrinum,NA,1,NA,Maximum distance moved/recaptured,NA,0.19 km,NA,NA,NA,0,NA,NA,NA,NA,NA,NA,Stegostoma tigrinum
1442,1000,2 years,2,Great Barrier Reef Marine Park,NA,NA,NA,NA,NA,NA,NA,NA,NA,NA,NA,NA,NA,NA,NA,NA,NA,NA,NA,NA,NA,NA
1442,1000,2 years,3,Great Barrier Reef Marine Park,NA,NA,NA,NA,NA,NA,NA,NA,NA,NA,NA,NA,NA,NA,NA,NA,NA,NA,NA,NA,NA,NA
1491,~10,4 years,1,Monte da Guia Marine Reserve,Telemetry,Species group,Epinephelidae,Epinephelus,marginatus,NA,11,NA,Median minimum linear range,NA,1.3 km,NA,NA,NA,6,NA,>0.9,0.86-0.36,NA,NA,NA,Epinephelus marginatus
1491,~10,4 years,2,Monte da Guia Marine Reserve,Mark Recapture,Species group,Epinephelidae,Epinephelus,marginatus,NA,11,NA,Minimum linear range,NA,1.3 km,NA,NA,NA,4,NA,>0.9,0.86-0.36,NA,NA,NA,Epinephelus marginatus
1491,~10,4 years,3,Monte da Guia Marine Reserve,NA,NA,NA,NA,NA,NA,NA,NA,NA,NA,NA,NA,NA,NA,NA,NA,NA,NA,NA,NA,NA,NA
1560,100,1244 days,1,Virgin Islands National Park,Telemetry,Species group,Acanthuridae,Acanthurus,coeruleus,NA,5,NA,Mean MPA boundary crossings,Standard Error,2.03 (VINP-VICR),NA,NA,NA,21 (VINP-OUT),0 (VICR-OUT),0.99,0.01,NA,NA,NA,Acanthurus coeruleus
1560,100,1244 days,2,Virgin Islands National Park,Telemetry,Species group,Balistidae,Balistes,vetula,NA,5,NA,Mean MPA boundary crossing,Standard Error,1.05 (VINP-VICR),NA,NA,NA,0 (VINP-OUT),0.00 (VINP-OUT),0.99,0.01,NA,NA,NA,Balistes vetula
1560,100,1244 days,3,Virgin Islands National Park,Telemetry,Species group,Sparidae,Calamus,calamus,NA,19,NA,Mean MPA boundary crossings,Standard Error,2.74 (VINP-VICR),11.03,11.03,NA,24.64 (VINP-OUT),0 (VICR-OUT),0.98,0.12,NA,NA,NA,Calamus calamus
1560,1000,1244 days,1,Virgin Islands National Park,Telemetry,Species group,Carangidae,Caranx,ruber,NA,21,NA,Mean MPA boundary crossings,Standard Error,1.81 (VINP-VICR),16.33,16.33,NA,0 (VINP-OUT),0 (VICR-OUT),1.05,0.02,NA,NA,NA,Caranx ruber
1560,1000,1244 days,2,Virgin Islands National Park,Telemetry,Species group,Haemulidae,Haemulon,sciurus,NA,2,NA,Mean MPA boundary crossings,Standard Error,1.82 (VINP-VICR),43.86,43.86,NA,3.37 (VINP-OUT),1.09 (VICR-OUT),0.103,0.03,NA,NA,NA,Haemulon sciurus
1560,1000,1244 days,3,Virgin Islands National Park,Telemetry,Species group,Holocentridae,Holocentrus,adscensionis,NA,9,NA,Mean MPA boundary crossings,Standard Error,1.05 (VINP-VICR),NA,NA,NA,0 (VINP-OUT),0 (VICR-OUT),0.107,0,NA,NA,NA,Holocentrus adscensionis
1560,1000,1244 days,1,Virgin Islands Coral Reef National Monument,Telemetry,Species group,Lutjanidae,Lutjanus,analis,NA,12,NA,Mean MPA boundary crossings,Standard Error,2.39 (VINP-VICR),14.5,14.5,NA,6.63 (VINP-OUT),1.11 (VICR-OUT),0.96,0.05,NA,NA,NA,Lutjanus analis
1560,1000,1244 days,2,Virgin Islands Coral Reef National Monument,Telemetry,Species group,Lutjanidae,Lutjanus,griseus,NA,5,NA,Mean MPA boundary crossings,Standard Error,1.02 (VINP-VICR),NA,NA,NA,0 (VINP-OUT),0 (VICR-OUT),0.103,0,NA,NA,NA,Lutjanus griseus
1560,1000,1244 days,3,Virgin Islands Coral Reef National Monument,Telemetry,Species group,Lutjanidae,Lutjanus,jocu,NA,1,NA,Mean MPA boundary crossings,Standard Error,1.05 (VINP-VICR),NA,NA,NA,0 (VINP-OUT),0 (VICR-UT),0.1,0.04,NA,NA,NA,Lutjanus jocu
1560,1000,1244 days,1,Virgin Islands Coral Reef National Monument,Telemetry,Species group,Lutjanidae,Lutjanus,synagris,NA,38,NA,Mean MPA boundary crossings,Standard Error,2.85 (VINP-VICR),22.07,22.07,NA,1.40 (VINP-OUT),0 (VICR-OUT),0.101,0.01,NA,NA,NA,Lutjanus synagris
1560,1000,1244 days,2,Virgin Islands Coral Reef National Monument,Telemetry,Species group,Mullidae,Mulloidichthys,martinicus,NA,3,NA,Mean MPA boundary crossings,Standard Error,1.44 (VINP-VICR),1.16,1.16,NA,0 (VINP-OUT),0 (VICR-OUT),0.101,0.01,NA,NA,NA,Mulloidichthys martinicus
1560,1000,1244 days,3,Virgin Islands Coral Reef National Monument,Telemetry,Species group,Lutjanidae,Ocyurus,chrysurus,NA,14,NA,Mean MPA boundary crossings,Standard Error,8.00 (VINP-VICR),NA,NA,NA,0 (VINP-OUT),0 (VICR-OUT),0.99,0.05,NA,NA,NA,Ocyurus chrysurus
1015,200,12 months,1,Watamu Marine National Park,Mark Recapture,Species group,Siganidae,Siganus,Siganus sutor,NA,760,NA,Monthly spillover rate,NA,0.07,NA,NA,0.016,12,NA,NA,NA,NA,continuous fringing reef vs. patch reef,NA,Siganus Siganus sutor
1015,200,12 months,2,Watamu Marine National Park,Mark Recapture,Species group,Siganidae,Siganus,Siganus sutor,NA,437,NA,Monthly spillover rate,NA,0.25,NA,NA,0.094,41,NA,NA,NA,NA,continuous reef vs. fringing reef,NA,Siganus Siganus sutor
1015,200,12 months,3,Malindi Marine National Park,Mark Recapture,Species group,Siganidae,Siganus,Siganus sutor,NA,340,NA,Monthly spillover rate,NA,0.003,NA,NA,0.012,4,NA,NA,NA,NA,continuous reef vs. patch reef,NA,Siganus Siganus sutor
1015,200,12 months,1,Watamu Marine National Park,Mark Recapture,Species group,Lethrinidae,Lethrinus,Lethrinus mahsena,NA,524,NA,Monthly spillover rate,NA,0.04,NA,NA,0.015,8,NA,NA,NA,NA,continuous fringing reef vs patch reef,NA,Lethrinus Lethrinus mahsena
1015,200,12 months,2,Watamu Marine National Park,Mark Recapture,Species group,Lethrinidae,Lethrinus,Lethrinus mahsena,NA,41,NA,Monthly spillover rate,NA,0.004,NA,NA,0.024,1,NA,NA,NA,NA,continuous reef vs patch reef,NA,Lethrinus Lethrinus mahsena
1015,200,12 months,3,Malindi Marine National Park,Mark Recapture,Species group,Lethrinidae,Lethrinus,Lethrinus mahsena,NA,340,NA,Monthly spillover rate,NA,0.01,NA,NA,0.035,15,NA,NA,NA,NA,NA,NA,Lethrinus Lethrinus mahsena
1015,200,12 months,1,Malindi Marine National Park,Mark Recapture,Species group,Lethrinidae,Lethrinus,Lethrinus miniatus,NA,337,NA,Monthly spillover rate,NA,0.01,NA,NA,0.033,11,NA,NA,NA,NA,NA,NA,Lethrinus Lethrinus miniatus
1015,200,12 months,2,Watamu Marine National Park,Mark Recapture,Species group,Haemulidae,Gaterin,Gaterin flavomaculatus,NA,34,NA,Monthly spillover rate,NA,0.01,NA,NA,0.088,3,NA,NA,NA,NA,NA,NA,Gaterin Gaterin flavomaculatus
1015,200,12 months,3,Malindi Marine National Park,Mark Recapture,Species group,Haemulidae,Gaterin,Gaterin flavomaculatus,NA,112,NA,Monthly spillover rate,NA,0.01,NA,NA,0.036,4,NA,NA,NA,NA,NA,NA,Gaterin Gaterin flavomaculatus
1007,NA,9 years,1,Loch Sunart to the Sound of Jura Marine Protected Area,Mark Recapture,Species group,Rajidae,Dipturus,Dipturus intermedius,NA,395,NA,Tag-recapture site transitions,NA,20,NA,NA,0.05,20,NA,NA,NA,NA,NA,NA,Dipturus Dipturus intermedius
1007,NA,9 years,2,Loch Sunart to the Sound of Jura Marine Protected Area,NA,NA,NA,NA,NA,NA,NA,NA,NA,NA,NA,NA,NA,NA,NA,NA,NA,NA,NA,NA,NA,NA
1007,NA,9 years,3,Loch Sunart to the Sound of Jura Marine Protected Area,NA,NA,NA,NA,NA,NA,NA,NA,NA,NA,NA,NA,NA,NA,NA,NA,NA,NA,NA,NA,NA,NA
244,1.6,4 months,1,Jardines de la Reina Marine Reserve,Mark Recapture,Species group,Epinephelidae,Mycteroperca,Mycteroperca bonaci,NA,114,NA,Mean/median distance moved/recaptured,Standard Deviation,170,180.9,159.1,NA,NA,0.28,NA,NA,NA,Reef slope habitat (coral reef),NA,Mycteroperca Mycteroperca bonaci
244,1.6,4 months,2,Jardines de la Reina Marine Reserve,Mark Recapture,Species group,Epinephelidae,Mycteroperca,Mycteroperca bonaci,NA,114,NA,Mean/median distance moved/recaptured,Standard Error,356,371.7,340.3,NA,NA,0.47,NA,NA,NA,Reef slope habitat (coral reef),NA,Mycteroperca Mycteroperca bonaci
244,1.6,4 months,3,Jardines de la Reina Marine Reserve,NA,NA,NA,NA,NA,NA,NA,NA,NA,NA,NA,NA,NA,NA,NA,NA,NA,NA,NA,NA,NA,NA
244,1.6,4 months,1,Jardines de la Reina Marine Reserve,Mark Recapture,Species group,Epinephelidae,Mycteroperca,Mycteroperca venenosa,NA,118,NA,Mean/median distance moved/recaptured,Standard Error,129,150.2,107.8,NA,NA,0.22,NA,NA,NA,Reef slope habitat (coral reef),NA,Mycteroperca Mycteroperca venenosa
244,1.6,4 months,2,Jardines de la Reina Marine Reserve,Mark Recapture,Species group,Epinephelidae,Mycteroperca,Mycteroperca venenosa,NA,118,NA,Mean/median distance moved/recaptured,Standard Error,246,270.6,221.4,NA,NA,0.4,NA,NA,NA,Reef slope habitat (coral reef),NA,Mycteroperca Mycteroperca venenosa
244,1.6,4 months,3,Jardines de la Reina Marine Reserve,NA,NA,NA,NA,NA,NA,NA,NA,NA,NA,NA,NA,NA,NA,NA,NA,NA,NA,NA,NA,NA,NA
244,1.6,4 months,1,Jardines de la Reina Marine Reserve,Mark Recapture,Species group,Epinephelidae,Mycteroperca,Mycteroperca tigris,NA,135,NA,Mean/median distance moved/recaptured,Standard Error,117,119.8,114.2,NA,NA,0.2,NA,NA,NA,Reef slope habitat (coral reef),NA,Mycteroperca Mycteroperca tigris
244,1.6,4 months,2,Jardines de la Reina Marine Reserve,Mark Recapture,Species group,Epinephelidae,Mycteroperca,Mycteroperca tigris,NA,135,NA,Mean/median distance moved/recaptured,Standard Error,210,220,200,NA,NA,0.35,NA,NA,NA,Reef slope habitat (coral reef),NA,Mycteroperca Mycteroperca tigris
244,1.6,4 months,3,Jardines de la Reina Marine Reserve,NA,NA,NA,NA,NA,NA,NA,NA,NA,NA,NA,NA,NA,NA,NA,NA,NA,NA,NA,NA,NA,NA
244,1.6,4 months,1,Jardines de la Reina Marine Reserve,Mark Recapture,Species group,Lutjanidae,Lutjanus,Lutjanus cyanopterus,NA,93,NA,Mean/median distance moved/recaptured,Standard Error,201,239.2,162.8,NA,NA,0.33,NA,NA,NA,Reef slope habitat (coral reef),NA,Lutjanus Lutjanus cyanopterus
244,1.6,4 months,2,Jardines de la Reina Marine Reserve,Mark Recapture,Species group,Lutjanidae,Lutjanus,Lutjanus cyanopterus,NA,93,NA,Mean/median distance moved/recaptured,Standard Error,342,359.5,324.5,NA,NA,0.51,NA,NA,NA,Reef slope habitat (coral reef),NA,Lutjanus Lutjanus cyanopterus
244,1.6,4 months,3,Jardines de la Reina Marine Reserve,NA,NA,NA,NA,NA,NA,NA,NA,NA,NA,NA,NA,NA,NA,NA,NA,NA,NA,NA,NA,NA,NA
244,1.6,4 months,1,Jardines de la Reina Marine Reserve,Mark Recapture,Species group,Lutjanidae,Lutjanus,Lutjanus jocu,NA,117,NA,Mean/median distance moved/recaptured,Standard Error,98,105.5,90.5,NA,NA,0.17,NA,NA,NA,Reef slope habitat (coral reef),NA,Lutjanus Lutjanus jocu
244,1.6,4 months,2,Jardines de la Reina Marine Reserve,Mark Recapture,Species group,Lutjanidae,Lutjanus,Lutjanus jocu,NA,117,NA,Mean/median distance moved/recaptured,Standard Error,237,242.6,231.4,NA,NA,0.24,NA,NA,NA,Reef slope habitat (coral reef),NA,Lutjanus Lutjanus jocu
244,1.6,4 months,3,Jardines de la Reina Marine Reserve,NA,NA,NA,NA,NA,NA,NA,NA,NA,NA,NA,NA,NA,NA,NA,NA,NA,NA,NA,NA,NA,NA
244,1.6,4 months,1,Jardines de la Reina Marine Reserve,Mark Recapture,Species group,Labridae,Lachnolaimus,Lachnolaimus maximus,NA,503,NA,Mean/median distance moved/recaptured,Standard Error,263,266.6,259.4,NA,NA,0.52,NA,NA,NA,Reef slope habitat (coral reef),NA,Lachnolaimus Lachnolaimus maximus
244,1.6,4 months,2,Jardines de la Reina Marine Reserve,Mark Recapture,Species group,Hypsigenyinae,Lachnolaimus,Lachnolaimus maximus,NA,503,NA,Mean/median distance moved/recaptured,Standard Error,330,354.8,305.2,NA,NA,0.72,NA,NA,NA,Reef slope habitat (coral reef),NA,Lachnolaimus Lachnolaimus maximus
244,1.6,4 months,3,Jardines de la Reina Marine Reserve,NA,NA,NA,NA,NA,NA,NA,NA,NA,NA,NA,NA,NA,NA,NA,NA,NA,NA,NA,NA,NA,NA
244,1.6,4 months,1,Jardines de la Reina Marine Reserve,Mark Recapture,Species group,Sphyraenidae,Sphyraena,Sphyraena barracuda,NA,331,NA,Mean/median distance moved/recaptured,Standard Error,348,385.8,310.2,NA,NA,0.37,NA,NA,NA,Reef slope habitat (coral reef),NA,Sphyraena Sphyraena barracuda
244,1.6,4 months,2,Jardines de la Reina Marine Reserve,Mark Recapture,Species group,Sphyraenidae,Sphyraena,Sphyraena barracuda,NA,331,NA,Mean/median distance moved/recaptured,Standard Error,609,644.9,575.1,NA,NA,0.53,NA,NA,NA,Reef slope habitat (coral reef),NA,Sphyraena Sphyraena barracuda
244,1.6,4 months,3,Jardines de la Reina Marine Reserve,NA,NA,NA,NA,NA,NA,NA,NA,NA,NA,NA,NA,NA,NA,NA,NA,NA,NA,NA,NA,NA,NA
806,~250 km,9 years,1,Merritt Island National Wildlife Refuge,Mark Recapture,Species group,Sciaenidae,Sciaenops,Sciaenops ocellatus,NA,720,NA,Directional migration rate (%),NA,3.3,NA,NA,0.033,1,NA,NA,NA,Seasonal,inlets and coastal spawning habitats connecting estuarine and marine environments.,NA,Sciaenops Sciaenops ocellatus
806,~250 km,9 years,2,Merritt Island National Wildlife Refuge,Mark Recapture,Species group,Sciaenidae,Sciaenops,Sciaenops ocellatus,NA,176,NA,Directional migration rate (%),NA,27.3,NA,NA,0.273,3,NA,NA,NA,Seasonal,inlets and coastal spawning habitats connecting estuarine and marine environments,NA,Sciaenops Sciaenops ocellatus
806,~250 km,9 years,3,Merritt Island National Wildlife Refuge,NA,NA,NA,NA,NA,NA,NA,NA,NA,NA,NA,NA,NA,NA,NA,NA,NA,NA,NA,NA,NA,NA
806,~250 km,9 years,1,Merritt Island National Wildlife Refuge,Mark Recapture,Species group,Sciaenidae,Pogonias,Pogonias cromis,NA,637,NA,Directional migration rate (%),NA,25,NA,NA,0.25,1,NA,NA,NA,Seasonal,inlets and coastal spawning habitats connecting estuarine and marine environments.,NA,Pogonias Pogonias cromis
806,~250 km,9 years,2,Merritt Island National Wildlife Refuge,Mark Recapture,Species group,Sciaenidae,Pogonias,Pogonias cromis,NA,495,NA,Directional migration rate (%),NA,90,NA,NA,0.9,9,NA,NA,NA,Seasonal,inlets and coastal spawning habitats connecting estuarine and marine environments,NA,Pogonias Pogonias cromis
806,~250 km,9 years,3,Merritt Island National Wildlife Refuge,NA,NA,NA,NA,NA,NA,NA,NA,NA,NA,NA,NA,NA,NA,NA,NA,NA,NA,NA,NA,NA,NA
806,~250 km,9 years,1,Merritt Island National Wildlife Refuge,Mark Recapture,Species group,Centropomidae,Centropomus,Centropomus undecimalis,NA,104,NA,Directional migration rate (%),NA,0,NA,NA,0,0,NA,NA,NA,Seasonal,inlets and coastal spawning habitats connecting estuarine and marine environments,NA,Centropomus Centropomus undecimalis
806,~250 km,9 years,2,Merritt Island National Wildlife Refuge,Mark Recapture,Species group,Centropomidae,Centropomus,Centropomus undecimalis,NA,62,NA,Directional migration rate (%),NA,0,NA,NA,0,0,NA,NA,NA,Seasonal,inlets and coastal spawning habitats connecting estuarine and marine environments,NA,Centropomus Centropomus undecimalis
806,~250 km,9 years,3,Merritt Island National Wildlife Refuge,NA,NA,NA,NA,NA,NA,NA,NA,NA,NA,NA,NA,NA,NA,NA,NA,NA,NA,NA,NA,NA,NA
806,~250 km,9 years,1,Merritt Island National Wildlife Refuge,Mark Recapture,Species group,Sciaenidae,Cynoscion,Cynoscion nebulosus,NA,193,NA,Directional migration rate (%),NA,0,NA,NA,0,0,NA,NA,NA,Seasonal,inlets and coastal spawning habitats connecting estuarine and marine environments,NA,Cynoscion Cynoscion nebulosus
806,~250 km,9 years,2,Merritt Island National Wildlife Refuge,NA,NA,NA,NA,NA,NA,NA,NA,NA,NA,NA,NA,NA,NA,NA,NA,NA,NA,NA,NA,NA,NA
806,~250 km,9 years,3,Merritt Island National Wildlife Refuge,NA,NA,NA,NA,NA,NA,NA,NA,NA,NA,NA,NA,NA,NA,NA,NA,NA,NA,NA,NA,NA,NA
806,~250 km,9 years,1,Merritt Island National Wildlife Refuge,Mark Recapture,Species group,Sparidae,Archosargus,Archosargus probatocephalus,NA,232,NA,Directional migration rate (%),NA,0,NA,NA,0,0,NA,NA,NA,Seasonal,inlets and coastal spawning habitats connecting estuarine and marine environments,NA,Archosargus Archosargus probatocephalus
806,~250 km,9 years,2,Merritt Island National Wildlife Refuge,NA,NA,NA,NA,NA,NA,NA,NA,NA,NA,NA,NA,NA,NA,NA,NA,NA,NA,NA,NA,NA,NA
806,~250 km,9 years,3,Merritt Island National Wildlife Refuge,NA,NA,NA,NA,NA,NA,NA,NA,NA,NA,NA,NA,NA,NA,NA,NA,NA,NA,NA,NA,NA,NA
791,6,2 years,1,Santa Barbara Channel Islands marine reserve network,Mark Recapture,Species group,Palinuridae,Panulirus,Panulirus interruptus,NA,310,NA,Proportion of tagged individuals crossing MPA boundaries (In–Near–Far recapture transitions) ,NA,0.945,NA,NA,0.945,17,NA,NA,NA,NA,NA,NA,Panulirus Panulirus interruptus
791,6,2 years,2,Santa Barbara Channel Islands marine reserve network,Mark Recapture,Species group,Palinuridae,Panulirus,Panulirus interruptus,NA,310,NA,Proportion of tagged individuals crossing MPA boundaries (In–Near–Far recapture transitions) ,NA,0.052,NA,NA,0.052,17,NA,NA,NA,NA,NA,NA,Panulirus Panulirus interruptus
791,6,2 years,3,Santa Barbara Channel Islands marine reserve network,Mark Recapture,Species group,Palinuridae,Panulirus,Panulirus interruptus,NA,310,NA,Proportion of tagged individuals crossing MPA boundaries (In–Near–Far recapture transitions) ,NA,0.003,NA,NA,0.003,17,NA,NA,NA,NA,NA,NA,Panulirus Panulirus interruptus
791,6,2 years,1,Santa Barbara Channel Islands marine reserve network,Mark Recapture,Species group,Palinuridae,Panulirus,Panulirus interruptus,NA,127,NA,Proportion of tagged individuals crossing MPA boundaries (In–Near–Far recapture transitions) ,NA,0.97,NA,NA,0.97,2,NA,NA,NA,NA,NA,NA,Panulirus Panulirus interruptus
791,6,2 years,2,Santa Barbara Channel Islands marine reserve network,Mark Recapture,Species group,Palinuridae,Panulirus,Panulirus interruptus,NA,127,NA,Proportion of tagged individuals crossing MPA boundaries (In–Near–Far recapture transitions) ,NA,0.015,NA,NA,0.015,2,NA,NA,NA,NA,NA,NA,Panulirus Panulirus interruptus
791,6,2 years,3,Santa Barbara Channel Islands marine reserve network,Mark Recapture,Species group,Palinuridae,Panulirus,Panulirus interruptus,NA,127,NA,Proportion of tagged individuals crossing MPA boundaries (In–Near–Far recapture transitions) ,NA,0.015,NA,NA,0.015,2,NA,NA,NA,NA,NA,NA,Panulirus Panulirus interruptus
791,6,2 years,1,Santa Barbara Channel Islands marine reserve network,Mark Recapture,Species group,Palinuridae,Panulirus,Panulirus interruptus,NA,62,NA,Proportion of tagged individuals crossing MPA boundaries (In–Near–Far recapture transitions) ,NA,0.24,NA,NA,0.24,15,NA,NA,NA,NA,NA,NA,Panulirus Panulirus interruptus
791,6,2 years,2,Santa Barbara Channel Islands marine reserve network,Mark Recapture,Species group,Palinuridae,Panulirus,Panulirus interruptus,NA,62,NA,Proportion of tagged individuals crossing MPA boundaries (In–Near–Far recapture transitions) ,NA,0.7,NA,NA,0.7,15,NA,NA,NA,NA,NA,NA,Panulirus Panulirus interruptus
791,6,2 years,3,Santa Barbara Channel Islands marine reserve network,Mark Recapture,Species group,Palinuridae,Panulirus,Panulirus interruptus,NA,62,NA,Proportion of tagged individuals crossing MPA boundaries (In–Near–Far recapture transitions) ,NA,0.06,NA,NA,0.06,15,NA,NA,NA,NA,NA,NA,Panulirus Panulirus interruptus
783,1,4 months,1,Piti Bomb Holes Marine Preserve,Telemetry,Species group,Acanthuridae,Naso,Naso unicornis,NA,7,0.0321 ± 0.0153,crossing MPA boundary (%),NA,0.143,NA,NA,0.143,1,NA,NA,NA,Ontogenetic,Coral-dominated shallow reef flat (primary); pavement/algal turf (secondary); outer reef slope used occasionally by larger fish,NA,Naso Naso unicornis
783,1,4 months,2,Piti Bomb Holes Marine Preserve,NA,NA,NA,NA,NA,NA,NA,NA,NA,NA,NA,NA,NA,NA,NA,NA,NA,NA,NA,NA,NA,NA
783,1,4 months,3,Piti Bomb Holes Marine Preserve,NA,NA,NA,NA,NA,NA,NA,NA,NA,NA,NA,NA,NA,NA,NA,NA,NA,NA,NA,NA,NA,NA
720,0.25,3 years,1,Great Barrier Reef Marine Park,Mark Recapture,Species group,Epinephelidae,Plectropomus,Plectropomus leopardus,NA,116,NA,Maximum distance moved/recaptured,NA,250,NA,NA,NA,NA,NA,NA,NA,NA,NA,NA,Plectropomus Plectropomus leopardus
720,0.25,3 years,2,Great Barrier Reef Marine Park,Mark Recapture,Species group,Lethrinidae,Lethrinus,Lethrinus sp.,NA,13,NA,Maximum distance moved/recaptured,NA,250,NA,NA,NA,NA,NA,NA,NA,NA,NA,NA,Lethrinus Lethrinus sp.
720,0.25,3 years,3,Great Barrier Reef Marine Park,Mark Recapture,Species group,Lutjanidae,Lutjanus,Lutjanus carponotatus,NA,55,NA,Maximum distance moved/recaptured,NA,100,NA,NA,NA,NA,NA,NA,NA,NA,NA,NA,Lutjanus Lutjanus carponotatus
720,0.25,3 years,1,Great Barrier Reef Marine Park,Mark Recapture,Species group,Serranidae,Cephalopholis,Cephalopholis cyanostigma,NA,84,NA,Maximum distance moved/recaptured,NA,50,NA,NA,NA,NA,NA,NA,NA,NA,NA,NA,Cephalopholis Cephalopholis cyanostigma
720,0.25,3 years,2,Great Barrier Reef Marine Park,Mark Recapture,Target species group,NA,NA,NA,"Serranidae, Lutjanidae, and Lethrinidae pooled",347,NA,boundary crossings,NA,49,NA,NA,0.14,49,NA,NA,NA,NA,NA,NA,NA
720,0.25,3 years,3,Great Barrier Reef Marine Park,NA,NA,NA,NA,NA,NA,NA,NA,NA,NA,NA,NA,NA,NA,NA,NA,NA,NA,NA,NA,NA,NA
718,21,5 years,1,Flødevigen lobster reserve,Mark Recapture,Species group,Nephropidae,Homarus,Homarus gammarus,NA,735,NA,Mean/median distance moved/recaptured,NA,1.6,NA,NA,0.047,85,NA,NA,NA,NA,NA,NA,Homarus Homarus gammarus
718,21,5 years,2,Bolærne lobster reserve,Mark Recapture,Species group,Nephropidae,Homarus,Homarus gammarus,NA,1810,NA,Maximum distance moved/recaptured,NA,21,NA,NA,0.00055,85,NA,NA,NA,NA,NA,NA,Homarus Homarus gammarus
718,21,5 years,3,Kvernskjær lobster reserve,Mark Recapture,Species group,Nephropidae,Homarus,Homarus gammarus,NA,1810,NA,Mean proportion exported (reserve-level),95% confidence intervals,0.045,0.062,0.027,0.045,85,NA,NA,NA,NA,NA,NA,Homarus Homarus gammarus
610,50,47 months,1,Pondoland,Mark Recapture,Species group,Sparidae,Chrysoblephus,puniceus,NA,308,NA,greatest linear distance ,Standard Deviation,NA,NA,NA,NA,NA,NA,NA,NA,NA,NA,NA,Chrysoblephus puniceus
610,50,47 months,2,Pondoland,NA,NA,NA,NA,NA,NA,NA,NA,NA,NA,NA,NA,NA,NA,NA,NA,NA,NA,NA,NA,NA,NA
610,50,47 months,3,Pondoland,NA,NA,NA,NA,NA,NA,NA,NA,NA,NA,NA,NA,NA,NA,NA,NA,NA,NA,NA,NA,NA,NA
610,50,48 months,1,Pondoland,Mark Recapture,Species group,Epinephelidae,Epinephelus,marginatus,NA,161,NA,greatest linear distance ,Standard Deviation,154 m,204,104,NA,NA,NA,NA,NA,NA,NA,NA,Epinephelus marginatus
610,50,48 months,2,Pondoland,NA,NA,NA,NA,NA,NA,NA,NA,NA,NA,NA,NA,NA,NA,NA,NA,NA,NA,NA,NA,NA,NA
610,50,48 months,3,Pondoland,NA,NA,NA,NA,NA,NA,NA,NA,NA,NA,NA,NA,NA,NA,NA,NA,NA,NA,NA,NA,NA,NA
610,50,49 months,1,Pondoland,Mark Recapture,Species group,Epinephelidae,Epinephelus,andersoni,NA,168,NA,greatest linear distance ,Standard Deviation,164 m,235,93,NA,NA,NA,NA,NA,NA,NA,NA,Epinephelus andersoni
610,50,49 months,2,Pondoland,NA,NA,NA,NA,NA,NA,NA,NA,NA,NA,NA,NA,NA,NA,NA,NA,NA,NA,NA,NA,NA,NA
610,50,49 months,3,Pondoland,NA,NA,NA,NA,NA,NA,NA,NA,NA,NA,NA,NA,NA,NA,NA,NA,NA,NA,NA,NA,NA,NA