,paper.id,spatial.scale.km,comments,result.index,method,sample.unit,family,genus,species,n.individuals,genetic.marker,inside.outside.comp,zone.type,mpa.name,outside.open,result.inside,result.outside,single.value.result,significant,full.name,dispersal.distance.km
1,196,140,"2008 results - Inside is percent of young of year imported to the MPA, outside is percent exported by that MPA",1,Young of Year Connectivity,Species,Pomacentridae,Hypsypops,rubicundus,NA,Otolith Microchemistry,Yes,NTZ,Swami's State Marine Conservation Area,NA,0.14,0,NA,NA,Hypsypops rubicundus,
2,196,140,"2008 results - Inside is percent of young of year imported to the MPA, outside is percent exported by that MPA",2,Young of year connectivity,Species,Pomacentridae,Hypsypops,rubicundus,NA,Otolith microchemistry,Yes,NTZ,Matlahuayl State Marine Reserve/San Diego-Scripps Coastal State Conservation Area,NA,0.1,0.32,NA,NA,Hypsypops rubicundus,
3,196,140,"2008 results - Inside is percent of young of year imported to the MPA, outside is percent exported by that MPA",3,Young of year connectivity,Species,Pomacentridae,Hypsypops,rubicundus,NA,Otolith microchemistry,Yes,NTZ,Cabrillo State Marine Reserve,Yes,0,0,NA,NA,Hypsypops rubicundus,
4,196,140,"2009 results - Inside is percent of young of year imported to the MPA from another MPA, outside is percent exported by that MPA",1,Young of year connectivity,Species,Pomacentridae,Hypsypops,rubicundus,NA,Otolith microchemistry,Yes,NTZ,Swami's State Marine Conservation Area,Yes,0.06,0.12,NA,NA,Hypsypops rubicundus,
5,196,140,"2009 results - Inside is percent of young of year imported to the MPA from another MPA, outside is percent exported by that MPA",2,Young of year connectivity,Species,Pomacentridae,Hypsypops,rubicundus,NA,Otolith microchemistry,Yes,NTZ,Matlahuayl State Marine Reserve/San Diego-Scripps Coastal State Conservation Area,NA,0.24,0.29,NA,NA,Hypsypops rubicundus,
6,196,140,"2009 results - Inside is percent of young of year imported to the MPA from another MPA, outside is percent exported by that MPA",3,Young of year connectivity,Species,Pomacentridae,Hypsypops,rubicundus,NA,Otolith Microchemistry,Yes,NTZ,Cabrillo State Marine Reserve,NA,0.06,0.06,NA,NA,Hypsypops rubicundus,
7,196,140,"2008, all MPAs, proportion of larvae exported to other reefs from an MPA",1,Young of year connectivity,Species,Pomacentridae,Hypsypops,rubicundus,NA,Otolith microchemistry,Yes,NTZ,NA,Yes,NA,NA,0.32,NA,Hypsypops rubicundus,
8,196,140,"2008, all MPAs, proportion of larvae exported to other reefs from an MPA",2,NA,NA,NA,NA,NA,NA,NA,NA,NA,NA,NA,NA,NA,NA,NA,NA,
9,196,140,"2008, all MPAs, proportion of larvae exported to other reefs from an MPA",3,NA,NA,NA,NA,NA,NA,NA,NA,NA,NA,NA,NA,NA,NA,NA,NA,
10,196,140,"2009, all MPAs, proportion of YoY that were exported from an MPA",1,Young of Year connectivity,Species,Pomacentridae,Hypsypops,rubicundus,NA,Otolith Microchemistry,Yes,NTZ,NA,NA,NA,NA,0.53,NA,Hypsypops rubicundus,
11,196,140,"2009, all MPAs, proportion of YoY that were exported from an MPA",2,NA,NA,NA,NA,NA,NA,NA,NA,NA,NA,NA,NA,NA,NA,NA,NA,
12,196,140,"2009, all MPAs, proportion of YoY that were exported from an MPA",3,NA,NA,NA,NA,NA,NA,NA,NA,NA,NA,NA,NA,NA,NA,NA,NA,
13,863,33,% of export of juveniles from Kimbe Island MPA to Garua Group,1,Parentage analysis,Species,Pomacentridae,Amphiprion,Amphiprion percula,161,Microsatelites,No,NTZ,Kimbe Island Marine Protected Area,Yes,NA,NA,0 % export,NA,Amphiprion Amphiprion percula,
14,863,33,% of export of juveniles from Kimbe Island MPA to Garua Group,2,Parentage analysis,Species,Chaetodontidae,Chaetodon,Chaetodon vagabundus,31,Microsatelites,No,NTZ,Kimbe Island Marine Protected Area,Yes,NA,NA,29.2% export,NA,Chaetodon Chaetodon vagabundus,
15,863,33,% of export of juveniles from Kimbe Island MPA to Garua Group,3,NA,NA,NA,NA,NA,NA,NA,NA,NA,NA,NA,NA,NA,NA,NA,NA,
16,863,25,% export of juveniles from Kimbe Island MPA to Cape Heusner Group,1,Parentage analysis,Species,Pomacentridae,Amphiprion,Amphiprion percula,260,Microsatelites,No,NTZ,Kimbe Island Marine Protected Area,Yes,NA,NA,0.8 % export,NA,Amphiprion Amphiprion percula,
17,863,25,% export of juveniles from Kimbe Island MPA to Cape Heusner Group,2,Parentage analysis,Species,Chaetodontidae,Chaetodon,Chaetodon vagabundus,25,Microsatelites,No,NTZ,Kimbe Island Marine Protected Area,Yes,NA,NA,54.3 % export ,NA,Chaetodon Chaetodon vagabundus,
18,863,25,% export of juveniles from Kimbe Island MPA to Cape Heusner Group,3,NA,NA,NA,NA,NA,NA,NA,NA,NA,NA,NA,NA,NA,NA,NA,NA,
19,1252,~250,"Result 1: Percentage of offspring that had parents from a reserve that dispersed to another reserve (Inside value) or a non-reserve site (outside value)
Result 2: Percentage of offspring that had parents from a fished area that dispersed to another reserve (Inside value) or a non-reserve site (outside value)",1,Parentage analysis,Genus,Serranidae,Plectropomus,NA,2928,Microsatelites,No,NTZ,Great Barrier Reef Marine Park,Yes,30%,58%,NA,NA,NA,250
20,1252,~250,"Result 1: Percentage of offspring that had parents from a reserve that dispersed to another reserve (Inside value) or a non-reserve site (outside value)
Result 2: Percentage of offspring that had parents from a fished area that dispersed to another reserve (Inside value) or a non-reserve site (outside value)",2,Parentage analysis,Genus,Serranidae,Plectropomus,NA,2928,Microsatelites,No,NTZ,Great Barrier Reef Marine Park,Yes,41,59,NA,NA,NA,250
21,1252,~250,"Result 1: Percentage of offspring that had parents from a reserve that dispersed to another reserve (Inside value) or a non-reserve site (outside value)
Result 2: Percentage of offspring that had parents from a fished area that dispersed to another reserve (Inside value) or a non-reserve site (outside value)",3,NA,NA,NA,NA,NA,NA,NA,NA,NA,NA,NA,NA,NA,NA,NA,NA,
22,1258,~20,Recording the percentage contribution of individual reserves and whole network to local recruitment,1,Parentage analysis,Species,Serranidae,Plectropomus,maculatus,2590,Microsatelites,No,NTZ,Great Barrier Reef Marine Park,Median percentage contribution of Middle Island to local recruitment,NA,NA,0.0486,NA,Plectropomus maculatus,
23,1258,~20,Recording the percentage contribution of individual reserves and whole network to local recruitment,2,Parentage analysis,Species,Serranidae,Plectropomus,maculatus,2590,Microsatelites,No,NTZ,Great Barrier Reef Marine Park,Median percentage contribution of Egg Rock to local recruitment,NA,NA,0.0795,NA,Plectropomus maculatus,
24,1258,~20,Recording the percentage contribution of individual reserves and whole network to local recruitment,3,Parentage analysis,Species,Serranidae,Plectropomus,maculatus,2590,Microsatelites,No,NTZ,Great Barrier Reef Marine Park,Median percentage contribution of Halfway Island to local recruitment,NA,NA,0.0876,NA,Plectropomus maculatus,
25,1258,~20 ,Median percentage contribution of individual reserves and whole network to local recruitment,1,Parentage analysis,Species,Serranidae,Plectropomus,maculatus,2590,Microsatelites,No,NTZ,Great Barrier Reef Marine Park,Median percentage contribution of Clam Bay to local recruitment,NA,NA,0.151,NA,Plectropomus maculatus,
26,1258,~20 ,Median percentage contribution of individual reserves and whole network to local recruitment,2,Parentage analysis,Species,Serranidae,Plectropomus,maculatus,2590,Microsatelites,No,NTZ,Great Barrier Reef Marine Park,Median percentage contribution of Keppel Island network to local recruitment,NA,NA,0.4,NA,Plectropomus maculatus,
27,1258,~20 ,Median percentage contribution of individual reserves and whole network to local recruitment,3,NA,NA,NA,NA,NA,NA,NA,NA,NA,NA,NA,NA,NA,NA,NA,NA,
28,598,900,dispersal throughout the Keppel isalnds GBR,1,Parentage analysis,Species,Pomacentridae,Amphiprion,melanopus,412,Microsatelites,Yes,NTZ,Great Barrier Reef Marine Park,Reserve self-recruitment ,NA,NA,35%,NA,Amphiprion melanopus,
29,598,900,dispersal throughout the Keppel isalnds GBR,2,Parentage analysis,Species,Pomacentridae,Amphiprion,melanopus,412,Microsatelites,Yes,NTZ,Great Barrier Reef Marine Park,reserve to reserve,NA,NA,25%,NA,Amphiprion melanopus,
30,598,900,dispersal throughout the Keppel isalnds GBR,3,Parentage analysis,Species,Pomacentridae,Amphiprion,melanopus,412,Microsatelites,Yes,NTZ,NA,Yes,NA,NA,18%,NA,Amphiprion melanopus,
31,598,900,dispersal throughout the Keppel isalnds GBR,1,Parentage analysis,Species,Pomacentridae,Amphiprion,melanopus,412,Microsatelites,Yes,open,Great Barrier Reef Marine Park,open to reserve,NA,NA,15%,NA,Amphiprion melanopus,
32,598,900,dispersal throughout the Keppel isalnds GBR,2,Parentage analysis,Species,Pomacentridae,Amphiprion,melanopus,412,Microsatelites,Yes,open,Great Barrier Reef Marine Park,open to open,NA,NA,5%,NA,Amphiprion melanopus,
33,598,900,dispersal throughout the Keppel isalnds GBR,3,Parentage analysis,Species,Pomacentridae,Amphiprion,melanopus,412,NA,NA,NA,NA,NA,NA,NA,NA,NA,Amphiprion melanopus,
34,1047,35,"GR1 = Self-recruitment (40%), GR2 = Connectivity to Restorf (%), GR3 = Connectivity to Cape Heussner (%)",1,Parentage analysis,Species,Pomacentridae,Amphiprion,Amphiprion percula,975,Microsatelites,No,NTZ,Kimbe Island Marine Reserve,"onnectivity was tested among proposed reserves, not between protected and fished areas",NA,NA,40,NA,Amphiprion Amphiprion percula,
35,1047,35,"GR1 = Self-recruitment (40%), GR2 = Connectivity to Restorf (%), GR3 = Connectivity to Cape Heussner (%)",2,Parentage analysis,Species,Pomacentridae,Amphiprion,Amphiprion percula,975,Microsatelites,No,NTZ,Kimbe Island Marine Reserve,"onnectivity was tested among proposed reserves, not between protected and fished areas",NA,NA,10,NA,Amphiprion Amphiprion percula,
36,1047,35,"GR1 = Self-recruitment (40%), GR2 = Connectivity to Restorf (%), GR3 = Connectivity to Cape Heussner (%)",3,Parentage analysis,Species,Pomacentridae,Amphiprion,Amphiprion percula,975,Microsatelites,No,NTZ,Kimbe Island Marine Reserve,"connectivity was tested among proposed reserves, not between protected and fished areas",NA,NA,6,NA,Amphiprion Amphiprion percula,
37,1047,35,"GR1 = Connectivity tu Wulai (%), GR2 = Maximum dispersal distance (km)",1,Parentage analysis,Species,Pomacentridae,Amphiprion,Amphiprion percula,975,Microsatelites,No,NTZ,Kimbe Island Marine Reserve,"connectivity was tested among proposed reserves, not between protected and fished areas",NA,NA,5,NA,Amphiprion Amphiprion percula,
38,1047,35,"GR1 = Connectivity tu Wulai (%), GR2 = Maximum dispersal distance (km)",2,Parentage analysis,Species,Pomacentridae,Amphiprion,Amphiprion percula,975,Microsatelites,No,NTZ,Kimbe Island Marine Reserve,"connectivity was tested among proposed reserves, not between protected and fished areas",NA,NA,35,NA,Amphiprion Amphiprion percula,
39,1047,35,"GR1 = Connectivity tu Wulai (%), GR2 = Maximum dispersal distance (km)",3,NA,NA,NA,NA,NA,NA,NA,NA,NA,NA,NA,NA,NA,NA,NA,NA,
40,1467,~200,"Parentage analysis - found 4 parent/offspring pairs, 2 parents from MPA produced offspring that went to unprotected areas, the other two parents produced offspring that settled in MPA zones",1,Parentage analysis,Species,Acanthuridae,Zebrasoma,flavescens,1073,Microsatelites,Yes,PPO,West Hawai'i Marine Protected Area Network,Yes,2,2,NA,NA,Zebrasoma flavescens,184000
41,1467,~200,"Parentage analysis - found 4 parent/offspring pairs, 2 parents from MPA produced offspring that went to unprotected areas, the other two parents produced offspring that settled in MPA zones",2,NA,NA,NA,NA,NA,NA,NA,NA,NA,NA,NA,NA,NA,NA,NA,NA,184000
42,1467,~200,"Parentage analysis - found 4 parent/offspring pairs, 2 parents from MPA produced offspring that went to unprotected areas, the other two parents produced offspring that settled in MPA zones",3,NA,NA,NA,NA,NA,NA,NA,NA,NA,NA,NA,NA,NA,NA,NA,NA,184000
43,1017,55,"GR1= overall export, GR2 = export north of MPA, GR3= export south of MPA",1,Parentage analysis,Species,Sparidae,Chrysophrys,Chrysophrys auratus,892,Microsatelites,Yes,NTZ,Cape Rodney to Okakari Point marine reserve,Yes,NA (no self-recruitment detected),0.106,NA,NA,Chrysophrys Chrysophrys auratus,40000
44,1017,55,"GR1= overall export, GR2 = export north of MPA, GR3= export south of MPA",2,Parentage analysis,Species,Sparidae,Chrysophrys,Chrysophrys auratus,105,Microsatelites,Yes,NTZ,Cape Rodney to Okakari Point marine reserve,Yes,NA,0.164,NA,NA,Chrysophrys Chrysophrys auratus,40000
45,1017,55,"GR1= overall export, GR2 = export north of MPA, GR3= export south of MPA",3,Parentage analysis,Species,Sparidae,Chrysophrys,Chrysophrys auratus,714,Microsatelites,Yes,NTZ,Cape Rodney to Okakari Point marine reserve,Yes,NA,0.105,NA,NA,Chrysophrys Chrysophrys auratus,40000
46,790,120,"mean observed dispersal distance (km): GR1 = Amphiprion percula 2009, GR2 = Amphiprion percula 2011",1,Parentage analysis,Species,Pomacentridae,Amphiprion,Amphiprion percula,3993,Microsatelites,No,NTZ,Kimbe Bay Marine Protected Area Network,no outside area,NA,NA,15 km,NA,Amphiprion Amphiprion percula,
47,786,90,"GR1 = Mean larval dispersal distance (km), GR2 = Maximum observed dispersal distance (km) , GR3 =  self-recruitment (%)",1,Parentage analysis,Species,Chaetodontidae,Chaetodon,Chaetodon vagabundus,3549,Microsatelites,No,NTZ,Apo Island Marine Reserve,Yes,NA,NA,36.5,NA,Chaetodon Chaetodon vagabundus,36500
48,786,90,"GR1 = Mean larval dispersal distance (km), GR2 = Maximum observed dispersal distance (km) , GR3 =  self-recruitment (%)",2,Parentage analysis,Species,Chaetodontidae,Chaetodon,Chaetodon vagabundus,3549,Microsatelites,No,NTZ,Apo Island Marine Reserve,Yes,NA,NA,47.9,NA,Chaetodon Chaetodon vagabundus,36500
49,786,90,"GR1 = Mean larval dispersal distance (km), GR2 = Maximum observed dispersal distance (km) , GR3 =  self-recruitment (%)",3,Parentage analysis,Species,Chaetodontidae ,Chaetodon,Chaetodon vagabundus,3549,Microsatelites,No,NTZ,Apo Island Marine Reserve,Yes,NA,NA,5.4,NA,Chaetodon Chaetodon vagabundus,36500
50,786,90,"GR1 = Larval export from NTMRs to fished areas(%), GR2 = Larval import into NTMRs (%), GR3 = Connectivity among NTMRs (%)",1,Parentage analysis,Species,Chaetodontidae,Chaetodon,Chaetodon vagabundus,3549,Microsatelites,No,NTZ,Apo Island Marine Reserve,Yes,NA,NA,29.7,NA,Chaetodon Chaetodon vagabundus,36500
51,786,90,"GR1 = Larval export from NTMRs to fished areas(%), GR2 = Larval import into NTMRs (%), GR3 = Connectivity among NTMRs (%)",2,Parentage analysis,Species,Chaetodontidae,Chaetodon,Chaetodon vagabundus,3549,Microsatelites,No,NTZ,Apo Island Marine Reserve,Yes,NA,NA,18.9,NA,Chaetodon Chaetodon vagabundus,36500
52,786,90,"GR1 = Larval export from NTMRs to fished areas(%), GR2 = Larval import into NTMRs (%), GR3 = Connectivity among NTMRs (%)",3,Parentage analysis,Species,Chaetodontidae,Chaetodon,Chaetodon vagabundus,3549,Microsatelites,No,NTZ,Apo Island Marine Reserve,Yes,NA,NA,21.6,NA,Chaetodon Chaetodon vagabundus,36500