"","paper.id","mpa.name","zone.type","result.type","result.group","sample.unit","family","genus","species","functional.group","metric","significant","comments","full.name","spillover.type","X","valid.name","fb.name","id.sub","Genus.x","DemersPelag","DepthRangeShallow","DepthRangeDeep","LongevityWild","Vulnerability","Length","LTypeMaxM","Importance","PriceCateg","PriceReliability","SpecCode","Subfamily","Family","Order","Class","SuperClass","metric.group","targeted","broad.group","result.id","phase","modifier","unique.unit"
"1",192,"Columbretes Islands Marine Reserve","ntz","time","time","Individual species","Palinuridae","Palinurus","elephas",NA,"Fraction of regional egg production","Yes","Contribution of eggs from MPA to regional fishing grounds - several assumptions/calculations had to be made to get here","Palinurus elephas","larval",127,NA,"Palinurus elephas",2933,"Palinurus","benthic",5,200,15,53.52,50,"TL","commercial","very high","Reliable: based on ex-vessel price for this species",NA,NA,NA,NA,NA,NA,"Recruitment","yes","Crustaceans",1,"none","","Fraction of regional egg production_Palinurus elephas_"
"2",192,"Columbretes Islands Marine Reserve","ntz","time","time","Individual species","Palinuridae","Palinurus","elephas",NA,"Fraction of regional egg production","Yes","Contribution of eggs from MPA to regional fishing grounds - several assumptions/calculations had to be made to get here","Palinurus elephas","larval",127,NA,"Palinurus elephas",2933,"Palinurus","benthic",5,200,15,53.52,50,"TL","commercial","very high","Reliable: based on ex-vessel price for this species",NA,NA,NA,NA,NA,NA,"Recruitment","yes","Crustaceans",2,"none","","Fraction of regional egg production_Palinurus elephas_"
"3",192,"Columbretes Islands Marine Reserve","ntz","time","time","Individual species","Palinuridae","Palinurus","elephas",NA,"Fraction of regional egg production","Yes","Contribution of eggs from MPA to regional fishing grounds - several assumptions/calculations had to be made to get here","Palinurus elephas","larval",127,NA,"Palinurus elephas",2933,"Palinurus","benthic",5,200,15,53.52,50,"TL","commercial","very high","Reliable: based on ex-vessel price for this species",NA,NA,NA,NA,NA,NA,"Recruitment","yes","Crustaceans",3,"none","","Fraction of regional egg production_Palinurus elephas_"
"4",192,"Columbretes Islands Marine Reserve","ntz","time","time","Individual species","Palinuridae","Palinurus","elephas",NA,"Fraction of regional egg production","Yes","Contribution of eggs from MPA to regional fishing grounds - several assumptions/calculations had to be made to get here","Palinurus elephas","larval",127,NA,"Palinurus elephas",2933,"Palinurus","benthic",5,200,15,53.52,50,"TL","commercial","very high","Reliable: based on ex-vessel price for this species",NA,NA,NA,NA,NA,NA,"Recruitment","yes","Crustaceans",4,"none","","Fraction of regional egg production_Palinurus elephas_"
"5",192,"Columbretes Islands Marine Reserve","ntz","time","time","Individual species","Palinuridae","Palinurus","elephas",NA,"Fraction of regional egg production","Yes","Contribution of eggs from MPA to regional fishing grounds - several assumptions/calculations had to be made to get here","Palinurus elephas","larval",127,NA,"Palinurus elephas",2933,"Palinurus","benthic",5,200,15,53.52,50,"TL","commercial","very high","Reliable: based on ex-vessel price for this species",NA,NA,NA,NA,NA,NA,"Recruitment","yes","Crustaceans",5,"none","","Fraction of regional egg production_Palinurus elephas_"
"6",192,"Columbretes Islands Marine Reserve","ntz","time","time","Individual species","Palinuridae","Palinurus","elephas",NA,"Fraction of regional egg production","Yes","Contribution of eggs from MPA to regional fishing grounds - several assumptions/calculations had to be made to get here","Palinurus elephas","larval",127,NA,"Palinurus elephas",2933,"Palinurus","benthic",5,200,15,53.52,50,"TL","commercial","very high","Reliable: based on ex-vessel price for this species",NA,NA,NA,NA,NA,NA,"Recruitment","yes","Crustaceans",6,"none","","Fraction of regional egg production_Palinurus elephas_"
"7",192,"Columbretes Islands Marine Reserve","ntz","time","time","Individual species","Palinuridae","Palinurus","elephas",NA,"Fraction of regional egg production","Yes","Contribution of eggs from MPA to regional fishing grounds - several assumptions/calculations had to be made to get here","Palinurus elephas","larval",127,NA,"Palinurus elephas",2933,"Palinurus","benthic",5,200,15,53.52,50,"TL","commercial","very high","Reliable: based on ex-vessel price for this species",NA,NA,NA,NA,NA,NA,"Recruitment","yes","Crustaceans",7,"none","","Fraction of regional egg production_Palinurus elephas_"
"8",192,"Columbretes Islands Marine Reserve","ntz","time","time","Individual species","Palinuridae","Palinurus","elephas",NA,"Fraction of regional egg production","Yes","Contribution of eggs from MPA to regional fishing grounds - several assumptions/calculations had to be made to get here","Palinurus elephas","larval",127,NA,"Palinurus elephas",2933,"Palinurus","benthic",5,200,15,53.52,50,"TL","commercial","very high","Reliable: based on ex-vessel price for this species",NA,NA,NA,NA,NA,NA,"Recruitment","yes","Crustaceans",8,"none","","Fraction of regional egg production_Palinurus elephas_"
"9",192,"Columbretes Islands Marine Reserve","ntz","time","time","Individual species","Palinuridae","Palinurus","elephas",NA,"Fraction of regional egg production","Yes","Contribution of eggs from MPA to regional fishing grounds - several assumptions/calculations had to be made to get here","Palinurus elephas","larval",127,NA,"Palinurus elephas",2933,"Palinurus","benthic",5,200,15,53.52,50,"TL","commercial","very high","Reliable: based on ex-vessel price for this species",NA,NA,NA,NA,NA,NA,"Recruitment","yes","Crustaceans",9,"none","","Fraction of regional egg production_Palinurus elephas_"
"10",192,"Columbretes Islands Marine Reserve","ntz","time","time","Individual species","Palinuridae","Palinurus","elephas",NA,"Fraction of regional egg production","Yes","Contribution of eggs from MPA to regional fishing grounds - several assumptions/calculations had to be made to get here","Palinurus elephas","larval",127,NA,"Palinurus elephas",2933,"Palinurus","benthic",5,200,15,53.52,50,"TL","commercial","very high","Reliable: based on ex-vessel price for this species",NA,NA,NA,NA,NA,NA,"Recruitment","yes","Crustaceans",10,"none","","Fraction of regional egg production_Palinurus elephas_"
"11",576,"Great Barrier Reef Marine Park","ntz","point","point","Species","Epinephelidae","Plectropomus","leopardus",NA,"Mean egg production ",NA,"They split the whole of the GBR into regions and grouped together the NTZs and fished areas","Plectropomus leopardus","larval",164,"Plectropomus leopardus","Plectropomus leopardus",5378,"Plectropomus","reef-associated",3,100,26,54.66,120,"SL","commercial","very high","Very questionable: based on ex-vessel price for species in this family",4826,NA,"Epinephelidae","Perciformes/Serranoidei","Teleostei","Osteichthyes","Recruitment","yes","Fish",1,"none","","Mean egg production _Plectropomus leopardus_"
"12",576,"Great Barrier Reef Marine Park","ntz","point","point","Species","Epinephelidae","Plectropomus","leopardus",NA,"Egg production",NA,"They split the whole of the GBR into regions and grouped together the NTZs and fished areas","Plectropomus leopardus","larval",164,"Plectropomus leopardus","Plectropomus leopardus",5378,"Plectropomus","reef-associated",3,100,26,54.66,120,"SL","commercial","very high","Very questionable: based on ex-vessel price for species in this family",4826,NA,"Epinephelidae","Perciformes/Serranoidei","Teleostei","Osteichthyes","Recruitment","yes","Fish",2,"none","","Egg production_Plectropomus leopardus_"
"13",576,"Great Barrier Reef Marine Park","ntz","point","point","Species","Epinephelidae","Plectropomus","leopardus",NA,"Egg production",NA,"They split the whole of the GBR into regions and grouped together the NTZs and fished areas","Plectropomus leopardus","larval",164,"Plectropomus leopardus","Plectropomus leopardus",5378,"Plectropomus","reef-associated",3,100,26,54.66,120,"SL","commercial","very high","Very questionable: based on ex-vessel price for species in this family",4826,NA,"Epinephelidae","Perciformes/Serranoidei","Teleostei","Osteichthyes","Recruitment","yes","Fish",3,"none","","Egg production_Plectropomus leopardus_"
"14",1356,"North Carolina Department of Marine Fisheries Oyster Sanctuary Program","ntz","point","point","Species","Ostreidae","Crassostrea","virginica",NA,"Per unit area larval output",NA,"Egg production inside reserves and for all other oyster reef types combined (outside the reserves)","Crassostrea virginica","larval",165,"Crassostrea virginica","Crassostrea virginica",5413,"Crassostrea","benthic",0,79,2,26.29,30,"SHH","commercial","low","Reliable: based on ex-vessel price for this species",NA,NA,NA,NA,NA,NA,"Other","yes","Fish",1,"none","","Per unit area larval output_Crassostrea virginica_"
"15",1356,"North Carolina Department of Marine Fisheries Oyster Sanctuary Program","ntz","point","point","Species","Ostreidae","Crassostrea","virginica",NA,"Total larval output",NA,"Egg production inside reserves and for all other oyster reef types combined (outside the reserves)","Crassostrea virginica","larval",165,"Crassostrea virginica","Crassostrea virginica",5413,"Crassostrea","benthic",0,79,2,26.29,30,"SHH","commercial","low","Reliable: based on ex-vessel price for this species",NA,NA,NA,NA,NA,NA,"Other","yes","Fish",2,"none","","Total larval output_Crassostrea virginica_"
"16",1348,"Great Barrier Reef Marine Park","ntz","point","point","Species","Serranidae","Plectropomus","maculatus",NA,"% contribution of juveniles to recruitment",NA,"% of juveniles exported from reserve into another reserve (Inside result) or into the fished area (Outside result)","Plectropomus maculatus","larval",NA,NA,NA,NA,NA,NA,NA,NA,NA,NA,NA,NA,"commercial",NA,NA,NA,NA,NA,NA,"Teleostei",NA,"Recruitment","yes","Fish",1,"none","","% contribution of juveniles to recruitment_Plectropomus maculatus_"
"17",1348,"Great Barrier Reef Marine Park","ntz","point","point","Species","Lutjanidae","Lutjanus","carponotatus",NA,"% contribution to recruitment",NA,"% of juveniles exported from reserve into another reserve (Inside result) or into the fished area (Outside result)","Lutjanus carponotatus","larval",NA,NA,NA,NA,NA,NA,NA,NA,NA,NA,NA,NA,"minor commercial",NA,NA,NA,NA,NA,NA,"Teleostei",NA,"Recruitment","yes","Fish",2,"none","","% contribution to recruitment_Lutjanus carponotatus_"
"18",1252,"Great Barrier Reef Marine Park","ntz","genetics","genetics","Genus","Serranidae","Plectropomus","spp.","NA","genetics",NA,"Result 1: Percentage of offspring that had parents from a reserve that dispersed to another reserve (Inside value) or a non-reserve site (outside value)
Result 2: Percentage of offspring that had parents from a fished area that dispersed to another reserve (Inside value) or a non-reserve site (outside value)","Plectropomus spp.","larval",NA,NA,NA,NA,NA,NA,NA,NA,NA,NA,NA,NA,NA,NA,NA,NA,NA,NA,NA,"Teleostei",NA,"Recruitment","yes","Fish",1,"none","spring","genetics_Plectropomus spp._spring"
"19",1252,"Great Barrier Reef Marine Park","ntz","genetics","genetics","Genus","Serranidae","Plectropomus","spp.","NA","genetics",NA,"Result 1: Percentage of offspring that had parents from a reserve that dispersed to another reserve (Inside value) or a non-reserve site (outside value)
Result 2: Percentage of offspring that had parents from a fished area that dispersed to another reserve (Inside value) or a non-reserve site (outside value)","Plectropomus spp.","larval",NA,NA,NA,NA,NA,NA,NA,NA,NA,NA,NA,NA,NA,NA,NA,NA,NA,NA,NA,"Teleostei",NA,"Recruitment","yes","Fish",1,"none","spring","genetics_Plectropomus spp._spring"
"20",1252,"Great Barrier Reef Marine Park","ntz","genetics","genetics","Genus","Serranidae","Plectropomus","spp.","NA","genetics",NA,"Result 1: Percentage of offspring that had parents from a reserve that dispersed to another reserve (Inside value) or a non-reserve site (outside value)
Result 2: Percentage of offspring that had parents from a fished area that dispersed to another reserve (Inside value) or a non-reserve site (outside value)","Plectropomus spp.","larval",NA,NA,NA,NA,NA,NA,NA,NA,NA,NA,NA,NA,NA,NA,NA,NA,NA,NA,NA,"Teleostei",NA,"Recruitment","yes","Fish",2,"none","spring","genetics_Plectropomus spp._spring"
"21",1252,"Great Barrier Reef Marine Park","ntz","genetics","genetics","Genus","Serranidae","Plectropomus","spp.","NA","genetics",NA,"Result 1: Percentage of offspring that had parents from a reserve that dispersed to another reserve (Inside value) or a non-reserve site (outside value)
Result 2: Percentage of offspring that had parents from a fished area that dispersed to another reserve (Inside value) or a non-reserve site (outside value)","Plectropomus spp.","larval",NA,NA,NA,NA,NA,NA,NA,NA,NA,NA,NA,NA,NA,NA,NA,NA,NA,NA,NA,"Teleostei",NA,"Recruitment","yes","Fish",2,"none","spring","genetics_Plectropomus spp._spring"
"22",1258,"Great Barrier Reef Marine Park","ntz","genetics","genetics","Species","Serranidae","Plectropomus","maculatus","NA","genetics",NA,"Recording the percentage contribution of individual reserves and whole network to local recruitment","Plectropomus maculatus","larval",NA,NA,NA,NA,NA,NA,NA,NA,NA,NA,NA,NA,"commercial",NA,NA,NA,NA,NA,NA,"Teleostei",NA,"Recruitment","yes","Fish",1,"none","","genetics_Plectropomus maculatus_"
"23",1258,"Great Barrier Reef Marine Park","ntz","genetics","genetics","Species","Serranidae","Plectropomus","maculatus","NA","genetics",NA,"Recording the percentage contribution of individual reserves and whole network to local recruitment","Plectropomus maculatus","larval",NA,NA,NA,NA,NA,NA,NA,NA,NA,NA,NA,NA,"commercial",NA,NA,NA,NA,NA,NA,"Teleostei",NA,"Recruitment","yes","Fish",2,"none","","genetics_Plectropomus maculatus_"
"24",1258,"Great Barrier Reef Marine Park","ntz","genetics","genetics","Species","Serranidae","Plectropomus","maculatus","NA","genetics",NA,"Recording the percentage contribution of individual reserves and whole network to local recruitment","Plectropomus maculatus","larval",NA,NA,NA,NA,NA,NA,NA,NA,NA,NA,NA,NA,"commercial",NA,NA,NA,NA,NA,NA,"Teleostei",NA,"Recruitment","yes","Fish",3,"none","","genetics_Plectropomus maculatus_"
"25",1258,"Great Barrier Reef Marine Park","ntz","genetics","genetics","Species","Serranidae","Plectropomus","maculatus","NA","genetics",NA,"Median percentage contribution of individual reserves and whole network to local recruitment","Plectropomus maculatus","larval",NA,NA,NA,NA,NA,NA,NA,NA,NA,NA,NA,NA,"commercial",NA,NA,NA,NA,NA,NA,"Teleostei",NA,"Recruitment","yes","Fish",4,"none","","genetics_Plectropomus maculatus_"
"26",1258,"Great Barrier Reef Marine Park","ntz","genetics","genetics","Species","Serranidae","Plectropomus","maculatus","NA","genetics",NA,"Median percentage contribution of individual reserves and whole network to local recruitment","Plectropomus maculatus","larval",NA,NA,NA,NA,NA,NA,NA,NA,NA,NA,NA,NA,"commercial",NA,NA,NA,NA,NA,NA,"Teleostei",NA,"Recruitment","yes","Fish",5,"none","","genetics_Plectropomus maculatus_"
"27",598,"Keppel Islands","ntz","genetics","genetics","Species","Pomacentridae","Amphiprion","melanopus","NA","genetics",NA,"dispersal throughout the Keppel isalnds GBR","Amphiprion melanopus","larval",NA,NA,NA,NA,NA,NA,NA,NA,NA,NA,NA,NA,"subsistence fisheries",NA,NA,NA,NA,NA,NA,"Teleostei",NA,"Recruitment","yes","Fish",1,"none","","genetics_Amphiprion melanopus_"
"28",598,"Keppel Islands","ntz","genetics","genetics","Species","Pomacentridae","Amphiprion","melanopus","NA","genetics",NA,"dispersal throughout the Keppel isalnds GBR","Amphiprion melanopus","larval",NA,NA,NA,NA,NA,NA,NA,NA,NA,NA,NA,NA,"subsistence fisheries",NA,NA,NA,NA,NA,NA,"Teleostei",NA,"Recruitment","yes","Fish",2,"none","","genetics_Amphiprion melanopus_"
"29",598,"Keppel Islands","ntz","genetics","genetics","Species","Pomacentridae","Amphiprion","melanopus","NA","genetics",NA,"dispersal throughout the Keppel isalnds GBR","Amphiprion melanopus","larval",NA,NA,NA,NA,NA,NA,NA,NA,NA,NA,NA,NA,"subsistence fisheries",NA,NA,NA,NA,NA,NA,"Teleostei",NA,"Recruitment","yes","Fish",3,"none","","genetics_Amphiprion melanopus_"
"30",598,"Keppel Islands","ntz","genetics","genetics","Species","Pomacentridae","Amphiprion","melanopus","NA","genetics",NA,"dispersal throughout the Keppel isalnds GBR","Amphiprion melanopus","larval",NA,NA,NA,NA,NA,NA,NA,NA,NA,NA,NA,NA,"subsistence fisheries",NA,NA,NA,NA,NA,NA,"Teleostei",NA,"Recruitment","yes","Fish",4,"none","","genetics_Amphiprion melanopus_"
"31",598,"Keppel Islands","ntz","genetics","genetics","Species","Pomacentridae","Amphiprion","melanopus","NA","genetics",NA,"dispersal throughout the Keppel isalnds GBR","Amphiprion melanopus","larval",NA,NA,NA,NA,NA,NA,NA,NA,NA,NA,NA,NA,"subsistence fisheries",NA,NA,NA,NA,NA,NA,"Teleostei",NA,"Recruitment","yes","Fish",5,"none","","genetics_Amphiprion melanopus_"
"32",598,"Keppel Islands","ntz","genetics","genetics","Species","Pomacentridae","Amphiprion","melanopus","NA","genetics",NA,"dispersal throughout the Keppel isalnds GBR","Amphiprion melanopus","larval",NA,NA,NA,NA,NA,NA,NA,NA,NA,NA,NA,NA,"subsistence fisheries",NA,NA,NA,NA,NA,NA,"Teleostei",NA,"Recruitment","yes","Fish",6,"none","","genetics_Amphiprion melanopus_"
"33",1467,"West Hawai'i Marine Protected Area Network","ppo","genetics","genetics","Species","Acanthuridae","Zebrasoma","flavescens","NA","genetics",NA,"Parentage analysis - found 4 parent/offspring pairs, 2 parents from MPA produced offspring that went to unprotected areas, the other two parents produced offspring that settled in MPA zones","Zebrasoma flavescens","larval",NA,NA,NA,NA,NA,NA,NA,NA,NA,NA,NA,NA,"commercial",NA,NA,NA,NA,NA,NA,"Teleostei",NA,"Recruitment","yes","Fish",1,"none","spring","genetics_Zebrasoma flavescens_spring"
"34",1467,"West Hawai'i Marine Protected Area Network","ppo","genetics","genetics","Species","Acanthuridae","Zebrasoma","flavescens","NA","genetics",NA,"Parentage analysis - found 4 parent/offspring pairs, 2 parents from MPA produced offspring that went to unprotected areas, the other two parents produced offspring that settled in MPA zones","Zebrasoma flavescens","larval",NA,NA,NA,NA,NA,NA,NA,NA,NA,NA,NA,NA,"commercial",NA,NA,NA,NA,NA,NA,"Teleostei",NA,"Recruitment","yes","Fish",1,"none","spring","genetics_Zebrasoma flavescens_spring"
"35",1467,"West Hawai'i Marine Protected Area Network","ppo","genetics","genetics","Species","Acanthuridae","Zebrasoma","flavescens","NA","genetics",NA,"Parentage analysis - found 4 parent/offspring pairs, 2 parents from MPA produced offspring that went to unprotected areas, the other two parents produced offspring that settled in MPA zones","Zebrasoma flavescens","larval",NA,NA,NA,NA,NA,NA,NA,NA,NA,NA,NA,NA,"commercial",NA,NA,NA,NA,NA,NA,"Teleostei",NA,"Recruitment","yes","Fish",1,"none","spring","genetics_Zebrasoma flavescens_spring"
"36",1017,"Cape Rodney-Okakari Point Marine Reserve","ntz","genetics","genetics","Species","Sparidae","Chrysophrys","auratus","NA","genetics",NA,"GR1= overall export, GR2 = export north of MPA, GR3= export south of MPA","Chrysophrys auratus","larval",NA,NA,NA,NA,NA,NA,NA,NA,NA,NA,NA,NA,"commercial",NA,NA,NA,NA,NA,NA,"Teleostei",NA,"Recruitment","yes","Fish",1,"none","","genetics_Chrysophrys auratus_"
"37",1017,"Cape Rodney-Okakari Point Marine Reserve","ntz","genetics","genetics","Species","Sparidae","Chrysophrys","auratus","NA","genetics",NA,"GR1= overall export, GR2 = export north of MPA, GR3= export south of MPA","Chrysophrys auratus","larval",NA,NA,NA,NA,NA,NA,NA,NA,NA,NA,NA,NA,"commercial",NA,NA,NA,NA,NA,NA,"Teleostei",NA,"Recruitment","yes","Fish",2,"none","","genetics_Chrysophrys auratus_"
"38",1017,"Cape Rodney-Okakari Point Marine Reserve","ntz","genetics","genetics","Species","Sparidae","Chrysophrys","auratus","NA","genetics",NA,"GR1= overall export, GR2 = export north of MPA, GR3= export south of MPA","Chrysophrys auratus","larval",NA,NA,NA,NA,NA,NA,NA,NA,NA,NA,NA,NA,"commercial",NA,NA,NA,NA,NA,NA,"Teleostei",NA,"Recruitment","yes","Fish",3,"none","","genetics_Chrysophrys auratus_"
"39",786,"Apo Island Protected Landscape and Seascape","ntz","genetics","genetics","Species","Chaetodontidae","Chaetodon","vagabundus","NA","genetics",NA,"GR1 = Mean larval dispersal distance (km), GR2 = Maximum observed dispersal distance (km) , GR3 =  self-recruitment (%)","Chaetodon vagabundus","larval",NA,NA,NA,NA,NA,NA,NA,NA,NA,NA,NA,NA,"of no interest",NA,NA,NA,NA,NA,NA,NA,NA,"Recruitment","no","Fish",1,"none","","genetics_Chaetodon vagabundus_"
"40",786,"Apo Island Protected Landscape and Seascape","ntz","genetics","genetics","Species","Chaetodontidae","Chaetodon","vagabundus","NA","genetics",NA,"GR1 = Mean larval dispersal distance (km), GR2 = Maximum observed dispersal distance (km) , GR3 =  self-recruitment (%)","Chaetodon vagabundus","larval",NA,NA,NA,NA,NA,NA,NA,NA,NA,NA,NA,NA,"of no interest",NA,NA,NA,NA,NA,NA,NA,NA,"Recruitment","no","Fish",2,"none","","genetics_Chaetodon vagabundus_"
"41",786,"Apo Island Protected Landscape and Seascape","ntz","genetics","genetics","Species","Chaetodontidae ","Chaetodon","vagabundus","NA","genetics",NA,"GR1 = Mean larval dispersal distance (km), GR2 = Maximum observed dispersal distance (km) , GR3 =  self-recruitment (%)","Chaetodon vagabundus","larval",NA,NA,NA,NA,NA,NA,NA,NA,NA,NA,NA,NA,"of no interest",NA,NA,NA,NA,NA,NA,NA,NA,"Recruitment","no","Fish",3,"none","","genetics_Chaetodon vagabundus_"
"42",786,"Apo Island Protected Landscape and Seascape","ntz","genetics","genetics","Species","Chaetodontidae","Chaetodon","vagabundus","NA","genetics",NA,"GR1 = Larval export from NTMRs to fished areas(%), GR2 = Larval import into NTMRs (%), GR3 = Connectivity among NTMRs (%)","Chaetodon vagabundus","larval",NA,NA,NA,NA,NA,NA,NA,NA,NA,NA,NA,NA,"of no interest",NA,NA,NA,NA,NA,NA,NA,NA,"Recruitment","no","Fish",4,"none","","genetics_Chaetodon vagabundus_"
"43",786,"Apo Island Protected Landscape and Seascape","ntz","genetics","genetics","Species","Chaetodontidae","Chaetodon","vagabundus","NA","genetics",NA,"GR1 = Larval export from NTMRs to fished areas(%), GR2 = Larval import into NTMRs (%), GR3 = Connectivity among NTMRs (%)","Chaetodon vagabundus","larval",NA,NA,NA,NA,NA,NA,NA,NA,NA,NA,NA,NA,"of no interest",NA,NA,NA,NA,NA,NA,NA,NA,"Recruitment","no","Fish",5,"none","","genetics_Chaetodon vagabundus_"
"44",786,"Apo Island Protected Landscape and Seascape","ntz","genetics","genetics","Species","Chaetodontidae","Chaetodon","vagabundus","NA","genetics",NA,"GR1 = Larval export from NTMRs to fished areas(%), GR2 = Larval import into NTMRs (%), GR3 = Connectivity among NTMRs (%)","Chaetodon vagabundus","larval",NA,NA,NA,NA,NA,NA,NA,NA,NA,NA,NA,NA,"of no interest",NA,NA,NA,NA,NA,NA,NA,NA,"Recruitment","no","Fish",6,"none","","genetics_Chaetodon vagabundus_"
